A00001,0
A00002,0
A00003,0
A00004,1
A00005,1
A00006,0
A00007,0
A00008,0
A00009,1
A00010,0
A00011,0
A00012,0
A00013,0
A00014,0
A00015,1
A00016,0
A00017,0
A00018,0
A00019,0
A00020,0
A00021,0
A00022,0
A00023,0
A00024,0
A00025,0
A00026,0
A00027,1
A00028,0
A00029,0
A00030,0
A00031,0
A00032,0
A00033,0
A00034,0
A00035,0
A00036,0
A00037,0
A00038,0
A00039,0
A00040,0
A00041,0
A00042,0
A00043,0
A00044,0
A00045,0
A00046,0
A00047,0
A00048,0
A00049,0
A00050,0
A00051,0
A00052,0
A00053,0
A00054,1
A00055,0
A00056,0
A00057,0
A00058,0
A00059,0
A00060,0
A00061,0
A00062,0
A00063,0
A00064,0
A00065,0
A00066,0
A00067,1
A00068,0
A00069,0
A00070,0
A00071,1
A00072,0
A00073,0
A00074,0
A00075,0
A00076,0
A00077,0
A00078,0
A00079,0
A00080,0
A00081,0
A00082,0
A00083,0
A00084,0
A00085,0
A00086,0
A00087,1
A00088,0
A00089,0
A00090,1
A00091,0
A00092,0
A00093,0
A00094,0
A00095,0
A00096,0
A00097,0
A00098,0
A00099,0
A00100,0
A00101,1
A00102,1
A00103,0
A00104,0
A00105,0
A00106,0
A00107,1
A00108,0
A00109,0
A00110,0
A00111,0
A00112,0
A00113,0
A00114,0
A00115,0
A00116,0
A00117,0
A00118,0
A00119,0
A00120,0
A00121,0
A00122,0
A00123,0
A00124,0
A00125,0
A00126,0
A00127,0
A00128,1
A00129,0
A00130,0
A00131,0
A00132,1
A00133,0
A00134,0
A00135,0
A00136,0
A00137,1
A00138,0
A00139,0
A00140,0
A00141,1
A00142,0
A00143,0
A00144,0
A00145,0
A00146,0
A00147,0
A00148,0
A00149,0
A00150,0
A00151,0
A00152,0
A00153,0
A00154,0
A00155,1
A00156,1
A00157,0
A00158,0
A00159,0
A00160,0
A00161,0
A00162,0
A00163,0
A00164,0
A00165,0
A00166,0
A00167,0
A00168,0
A00169,0
A00170,0
A00171,0
A00172,0
A00173,0
A00174,0
A00175,0
A00176,0
A00177,0
A00178,0
A00179,0
A00180,0
A00181,0
A00182,0
A00183,0
A00184,0
A00185,0
A00186,0
A00187,0
A00188,0
A00189,0
A00190,0
A00191,0
A00192,0
A00193,0
A00194,0
A00195,0
A00196,0
A00197,0
A00198,0
A00199,0
A00200,0
A00201,0
A00202,0
A00203,0
A00204,0
A00205,0
A00206,0
A00207,0
A00208,1
A00209,0
A00210,0
A00211,0
A00212,0
A00213,0
A00214,0
A00215,0
A00216,1
A00217,1
A00218,0
A00219,0
A00220,0
A00221,0
A00222,0
A00223,0
A00224,0
A00225,1
A00226,0
A00227,0
A00228,0
A00229,0
A00230,0
A00231,1
A00232,0
A00233,0
A00234,0
A00235,0
A00236,0
A00237,0
A00238,0
A00239,0
A00240,0
A00241,0
A00242,0
A00243,0
A00244,0
A00245,0
A00246,0
A00247,1
A00248,0
A00249,0
A00250,0
A00251,0
A00252,0
A00253,1
A00254,0
A00255,0
A00256,0
A00257,0
A00258,0
A00259,0
A00260,0
A00261,0
A00262,0
A00263,0
A00264,1
A00265,0
A00266,0
A00267,1
A00268,0
A00269,0
A00270,0
A00271,1
A00272,0
A00273,0
A00274,0
A00275,0
A00276,0
A00277,0
A00278,0
A00279,0
A00280,0
A00281,0
A00282,0
A00283,0
A00284,0
A00285,0
A00286,0
A00287,0
A00288,0
A00289,0
A00290,0
A00291,0
A00292,0
A00293,0
A00294,0
A00295,0
A00296,0
A00297,0
A00298,0
A00299,0
A00300,0
A00301,1
A00302,0
A00303,0
A00304,0
A00305,0
A00306,0
A00307,0
A00308,0
A00309,0
A00310,0
A00311,0
A00312,0
A00313,0
A00314,0
A00315,0
A00316,0
A00317,0
A00318,0
A00319,0
A00320,0
A00321,1
A00322,0
A00323,0
A00324,0
A00325,0
A00326,0
A00327,0
A00328,0
A00329,0
A00330,0
A00331,0
A00332,0
A00333,0
A00334,0
A00335,0
A00336,0
A00337,0
A00338,0
A00339,0
A00340,0
A00341,0
A00342,0
A00343,0
A00344,0
A00345,0
A00346,0
A00347,0
A00348,0
A00349,0
A00350,0
A00351,0
A00352,0
A00353,0
A00354,0
A00355,0
A00356,0
A00357,0
A00358,0
A00359,0
A00360,0
A00361,0
A00362,0
A00363,0
A00364,0
A00365,0
A00366,0
A00367,0
A00368,0
A00369,0
A00370,0
A00371,0
A00372,0
A00373,0
A00374,0
A00375,1
A00376,0
A00377,0
A00378,0
A00379,0
A00380,0
A00381,0
A00382,0
A00383,0
A00384,0
A00385,0
A00386,0
A00387,0
A00388,0
A00389,0
A00390,0
A00391,0
A00392,0
A00393,0
A00394,0
A00395,1
A00396,0
A00397,1
A00398,0
A00399,0
A00400,0
A00401,0
A00402,0
A00403,0
A00404,1
A00405,1
A00406,0
A00407,0
A00408,0
A00409,0
A00410,0
A00411,0
A00412,0
A00413,0
A00414,0
A00415,0
A00416,0
A00417,0
A00418,0
A00419,0
A00420,0
A00421,0
A00422,1
A00423,0
A00424,0
A00425,0
A00426,0
A00427,0
A00428,0
A00429,0
A00430,0
A00431,0
A00432,1
A00433,0
A00434,0
A00435,0
A00436,0
A00437,0
A00438,1
A00439,1
A00440,0
A00441,1
A00442,0
A00443,0
A00444,0
A00445,0
A00446,0
A00447,0
A00448,0
A00449,0
A00450,0
A00451,0
A00452,0
A00453,0
A00454,0
A00455,0
A00456,1
A00457,0
A00458,0
A00459,0
A00460,0
A00461,0
A00462,0
A00463,0
A00464,0
A00465,1
A00466,0
A00467,0
A00468,0
A00469,0
A00470,0
A00471,0
A00472,0
A00473,1
A00474,0
A00475,0
A00476,0
A00477,0
A00478,0
A00479,0
A00480,0
A00481,0
A00482,0
A00483,0
A00484,0
A00485,0
A00486,1
A00487,0
A00488,0
A00489,0
A00490,0
A00491,0
A00492,0
A00493,1
A00494,0
A00495,0
A00496,0
A00497,0
A00498,0
A00499,0
A00500,0
A00501,0
A00502,0
A00503,0
A00504,0
A00505,0
A00506,0
A00507,0
A00508,0
A00509,1
A00510,0
A00511,0
A00512,0
A00513,0
A00514,0
A00515,0
A00516,0
A00517,0
A00518,0
A00519,1
A00520,1
A00521,0
A00522,0
A00523,0
A00524,0
A00525,0
A00526,0
A00527,0
A00528,0
A00529,0
A00530,0
A00531,0
A00532,0
A00533,0
A00534,0
A00535,0
A00536,0
A00537,0
A00538,0
A00539,0
A00540,0
A00541,0
A00542,1
A00543,0
A00544,0
A00545,0
A00546,0
A00547,0
A00548,0
A00549,0
A00550,0
A00551,1
A00552,0
A00553,0
A00554,0
A00555,0
A00556,0
A00557,0
A00558,0
A00559,0
A00560,0
A00561,0
A00562,0
A00563,0
A00564,0
A00565,0
A00566,0
A00567,1
A00568,0
A00569,0
A00570,0
A00571,0
A00572,0
A00573,0
A00574,0
A00575,0
A00576,0
A00577,0
A00578,0
A00579,0
A00580,0
A00581,0
A00582,0
A00583,0
A00584,0
A00585,0
A00586,0
A00587,1
A00588,0
A00589,1
A00590,0
A00591,0
A00592,1
A00593,0
A00594,0
A00595,0
A00596,0
A00597,0
A00598,0
A00599,0
A00600,0
A00601,0
A00602,0
A00603,0
A00604,0
A00605,0
A00606,0
A00607,0
A00608,0
A00609,0
A00610,0
A00611,1
A00612,0
A00613,1
A00614,1
A00615,0
A00616,0
A00617,0
A00618,0
A00619,0
A00620,0
A00621,1
A00622,0
A00623,0
A00624,1
A00625,1
A00626,0
A00627,0
A00628,0
A00629,0
A00630,0
A00631,0
A00632,0
A00633,0
A00634,0
A00635,0
A00636,0
A00637,0
A00638,0
A00639,0
A00640,0
A00641,0
A00642,0
A00643,1
A00644,0
A00645,0
A00646,0
A00647,0
A00648,1
A00649,0
A00650,0
A00651,0
A00652,0
A00653,0
A00654,0
A00655,0
A00656,0
A00657,0
A00658,0
A00659,0
A00660,0
A00661,0
A00662,1
A00663,0
A00664,0
A00665,0
A00666,1
A00667,0
A00668,0
A00669,0
A00670,1
A00671,0
A00672,0
A00673,0
A00674,0
A00675,0
A00676,0
A00677,0
A00678,0
A00679,0
A00680,1
A00681,0
A00682,0
A00683,0
A00684,0
A00685,0
A00686,0
A00687,0
A00688,0
A00689,0
A00690,0
A00691,1
A00692,0
A00693,0
A00694,0
A00695,0
A00696,0
A00697,0
A00698,0
A00699,0
A00700,0
A00701,1
A00702,0
A00703,0
A00704,1
A00705,0
A00706,1
A00707,1
A00708,0
A00709,0
A00710,0
A00711,0
A00712,0
A00713,0
A00714,0
A00715,0
A00716,0
A00717,0
A00718,0
A00719,0
A00720,0
A00721,0
A00722,1
A00723,0
A00724,0
A00725,1
A00726,0
A00727,0
A00728,0
A00729,0
A00730,0
A00731,0
A00732,0
A00733,1
A00734,0
A00735,0
A00736,0
A00737,0
A00738,0
A00739,1
A00740,0
A00741,0
A00742,0
A00743,0
A00744,0
A00745,0
A00746,0
A00747,0
A00748,0
A00749,0
A00750,0
A00751,0
A00752,0
A00753,0
A00754,0
A00755,0
A00756,0
A00757,0
A00758,0
A00759,0
A00760,0
A00761,0
A00762,0
A00763,0
A00764,0
A00765,0
A00766,0
A00767,0
A00768,0
A00769,0
A00770,0
A00771,0
A00772,1
A00773,0
A00774,0
A00775,0
A00776,0
A00777,0
A00778,0
A00779,0
A00780,0
A00781,0
A00782,0
A00783,0
A00784,0
A00785,0
A00786,0
A00787,0
A00788,0
A00789,0
A00790,0
A00791,0
A00792,0
A00793,0
A00794,0
A00795,1
A00796,0
A00797,0
A00798,1
A00799,0
A00800,0
A00801,0
A00802,0
A00803,0
A00804,0
A00805,0
A00806,0
A00807,0
A00808,0
A00809,0
A00810,0
A00811,0
A00812,0
A00813,0
A00814,0
A00815,0
A00816,0
A00817,0
A00818,0
A00819,0
A00820,0
A00821,0
A00822,0
A00823,0
A00824,0
A00825,0
A00826,0
A00827,0
A00828,0
A00829,0
A00830,0
A00831,0
A00832,0
A00833,0
A00834,0
A00835,0
A00836,0
A00837,1
A00838,0
A00839,0
A00840,0
A00841,0
A00842,0
A00843,0
A00844,0
A00845,0
A00846,0
A00847,0
A00848,0
A00849,0
A00850,0
A00851,0
A00852,0
A00853,0
A00854,0
A00855,0
A00856,0
A00857,0
A00858,0
A00859,0
A00860,1
A00861,0
A00862,0
A00863,0
A00864,0
A00865,0
A00866,0
A00867,1
A00868,0
A00869,1
A00870,0
A00871,0
A00872,0
A00873,1
A00874,0
A00875,0
A00876,0
A00877,0
A00878,0
A00879,0
A00880,0
A00881,0
A00882,0
A00883,0
A00884,0
A00885,1
A00886,0
A00887,0
A00888,1
A00889,0
A00890,0
A00891,0
A00892,0
A00893,0
A00894,0
A00895,0
A00896,0
A00897,0
A00898,0
A00899,0
A00900,0
A00901,0
A00902,0
A00903,0
A00904,0
A00905,0
A00906,0
A00907,0
A00908,0
A00909,0
A00910,0
A00911,0
A00912,0
A00913,0
A00914,0
A00915,0
A00916,0
A00917,0
A00918,0
A00919,0
A00920,0
A00921,0
A00922,0
A00923,0
A00924,0
A00925,1
A00926,0
A00927,0
A00928,0
A00929,0
A00930,0
A00931,0
A00932,1
A00933,1
A00934,0
A00935,0
A00936,0
A00937,0
A00938,0
A00939,1
A00940,0
A00941,0
A00942,0
A00943,0
A00944,0
A00945,0
A00946,0
A00947,0
A00948,0
A00949,0
A00950,0
A00951,1
A00952,0
A00953,0
A00954,1
A00955,0
A00956,0
A00957,0
A00958,0
A00959,0
A00960,0
A00961,0
A00962,0
A00963,0
A00964,1
A00965,0
A00966,0
A00967,0
A00968,0
A00969,0
A00970,0
A00971,0
A00972,1
A00973,0
A00974,1
A00975,0
A00976,0
A00977,0
A00978,0
A00979,0
A00980,0
A00981,0
A00982,1
A00983,0
A00984,0
A00985,0
A00986,0
A00987,0
A00988,0
A00989,0
A00990,0
A00991,0
A00992,0
A00993,0
A00994,0
A00995,0
A00996,0
A00997,0
A00998,0
A00999,0
A01000,0
A01001,0
A01002,0
A01003,0
A01004,0
A01005,1
A01006,0
A01007,0
A01008,0
A01009,0
A01010,0
A01011,0
A01012,0
A01013,1
A01014,0
A01015,0
A01016,0
A01017,0
A01018,0
A01019,1
A01020,0
A01021,0
A01022,0
A01023,0
A01024,1
A01025,0
A01026,0
A01027,0
A01028,0
A01029,1
A01030,0
A01031,0
A01032,0
A01033,0
A01034,0
A01035,0
A01036,0
A01037,0
A01038,0
A01039,0
A01040,0
A01041,1
A01042,1
A01043,0
A01044,0
A01045,1
A01046,0
A01047,0
A01048,0
A01049,0
A01050,0
A01051,0
A01052,1
A01053,0
A01054,0
A01055,0
A01056,1
A01057,0
A01058,0
A01059,0
A01060,0
A01061,0
A01062,0
A01063,0
A01064,0
A01065,0
A01066,0
A01067,0
A01068,0
A01069,0
A01070,0
A01071,0
A01072,0
A01073,0
A01074,0
A01075,1
A01076,1
A01077,0
A01078,0
A01079,1
A01080,0
A01081,0
A01082,0
A01083,0
A01084,0
A01085,0
A01086,0
A01087,1
A01088,0
A01089,0
A01090,0
A01091,0
A01092,1
A01093,0
A01094,0
A01095,0
A01096,0
A01097,0
A01098,0
A01099,0
A01100,0
A01101,0
A01102,0
A01103,0
A01104,1
A01105,0
A01106,0
A01107,0
A01108,0
A01109,0
A01110,0
A01111,0
A01112,0
A01113,0
A01114,0
A01115,0
A01116,0
A01117,0
A01118,0
A01119,0
A01120,0
A01121,0
A01122,0
A01123,0
A01124,0
A01125,0
A01126,0
A01127,0
A01128,0
A01129,1
A01130,0
A01131,0
A01132,0
A01133,0
A01134,0
A01135,0
A01136,0
A01137,0
A01138,0
A01139,0
A01140,0
A01141,0
A01142,0
A01143,0
A01144,0
A01145,0
A01146,0
A01147,0
A01148,0
A01149,0
A01150,0
A01151,0
A01152,0
A01153,1
A01154,0
A01155,0
A01156,0
A01157,0
A01158,0
A01159,0
A01160,0
A01161,0
A01162,0
A01163,1
A01164,0
A01165,0
A01166,0
A01167,0
A01168,0
A01169,0
A01170,0
A01171,1
A01172,0
A01173,0
A01174,0
A01175,0
A01176,0
A01177,0
A01178,0
A01179,0
A01180,0
A01181,0
A01182,0
A01183,0
A01184,0
A01185,0
A01186,0
A01187,0
A01188,0
A01189,0
A01190,0
A01191,0
A01192,1
A01193,0
A01194,0
A01195,0
A01196,0
A01197,0
A01198,1
A01199,0
A01200,0
A01201,0
A01202,0
A01203,0
A01204,0
A01205,0
A01206,0
A01207,0
A01208,0
A01209,0
A01210,1
A01211,0
A01212,0
A01213,0
A01214,0
A01215,0
A01216,0
A01217,1
A01218,0
A01219,0
A01220,0
A01221,0
A01222,0
A01223,0
A01224,0
A01225,0
A01226,0
A01227,0
A01228,0
A01229,0
A01230,1
A01231,0
A01232,0
A01233,0
A01234,0
A01235,0
A01236,0
A01237,0
A01238,0
A01239,0
A01240,1
A01241,0
A01242,0
A01243,0
A01244,1
A01245,0
A01246,0
A01247,0
A01248,0
A01249,0
A01250,0
A01251,0
A01252,0
A01253,0
A01254,0
A01255,0
A01256,0
A01257,0
A01258,1
A01259,1
A01260,0
A01261,0
A01262,0
A01263,0
A01264,0
A01265,0
A01266,0
A01267,1
A01268,1
A01269,0
A01270,0
A01271,0
A01272,0
A01273,0
A01274,0
A01275,0
A01276,0
A01277,0
A01278,0
A01279,0
A01280,0
A01281,0
A01282,0
A01283,0
A01284,0
A01285,0
A01286,0
A01287,0
A01288,0
A01289,0
A01290,1
A01291,0
A01292,0
A01293,0
A01294,0
A01295,0
A01296,0
A01297,0
A01298,0
A01299,0
A01300,0
A01301,1
A01302,1
A01303,1
A01304,0
A01305,0
A01306,0
A01307,0
A01308,0
A01309,1
A01310,0
A01311,0
A01312,0
A01313,1
A01314,0
A01315,0
A01316,0
A01317,0
A01318,0
A01319,0
A01320,0
A01321,0
A01322,0
A01323,0
A01324,1
A01325,1
A01326,1
A01327,0
A01328,0
A01329,0
A01330,0
A01331,0
A01332,0
A01333,0
A01334,0
A01335,0
A01336,0
A01337,0
A01338,0
A01339,0
A01340,0
A01341,0
A01342,1
A01343,0
A01344,0
A01345,0
A01346,0
A01347,0
A01348,0
A01349,0
A01350,0
A01351,0
A01352,0
A01353,0
A01354,0
A01355,1
A01356,0
A01357,0
A01358,0
A01359,0
A01360,0
A01361,0
A01362,0
A01363,1
A01364,0
A01365,0
A01366,0
A01367,0
A01368,0
A01369,0
A01370,1
A01371,1
A01372,0
A01373,0
A01374,0
A01375,0
A01376,1
A01377,0
A01378,0
A01379,0
A01380,0
A01381,0
A01382,0
A01383,1
A01384,0
A01385,0
A01386,1
A01387,0
A01388,0
A01389,0
A01390,0
A01391,0
A01392,0
A01393,0
A01394,0
A01395,1
A01396,0
A01397,0
A01398,0
A01399,0
A01400,0
A01401,0
A01402,0
A01403,0
A01404,0
A01405,1
A01406,0
A01407,0
A01408,0
A01409,0
A01410,0
A01411,0
A01412,0
A01413,0
A01414,0
A01415,0
A01416,0
A01417,0
A01418,0
A01419,0
A01420,1
A01421,0
A01422,0
A01423,0
A01424,0
A01425,0
A01426,0
A01427,0
A01428,0
A01429,0
A01430,0
A01431,0
A01432,0
A01433,1
A01434,0
A01435,0
A01436,0
A01437,0
A01438,0
A01439,0
A01440,0
A01441,0
A01442,0
A01443,1
A01444,0
A01445,0
A01446,0
A01447,0
A01448,0
A01449,1
A01450,1
A01451,0
A01452,0
A01453,0
A01454,0
A01455,0
A01456,0
A01457,0
A01458,0
A01459,0
A01460,0
A01461,0
A01462,0
A01463,0
A01464,0
A01465,0
A01466,0
A01467,1
A01468,0
A01469,0
A01470,0
A01471,0
A01472,0
A01473,0
A01474,0
A01475,0
A01476,0
A01477,0
A01478,0
A01479,0
A01480,0
A01481,0
A01482,0
A01483,0
A01484,0
A01485,0
A01486,0
A01487,0
A01488,0
A01489,0
A01490,0
A01491,1
A01492,0
A01493,0
A01494,0
A01495,0
A01496,0
A01497,0
A01498,0
A01499,0
A01500,0
A01501,1
A01502,0
A01503,0
A01504,0
A01505,0
A01506,0
A01507,0
A01508,0
A01509,0
A01510,0
A01511,1
A01512,0
A01513,0
A01514,0
A01515,0
A01516,0
A01517,0
A01518,0
A01519,1
A01520,0
A01521,0
A01522,1
A01523,0
A01524,0
A01525,0
A01526,0
A01527,0
A01528,0
A01529,0
A01530,0
A01531,0
A01532,0
A01533,0
A01534,0
A01535,0
A01536,0
A01537,0
A01538,0
A01539,0
A01540,0
A01541,0
A01542,0
A01543,0
A01544,0
A01545,0
A01546,0
A01547,0
A01548,0
A01549,0
A01550,1
A01551,0
A01552,0
A01553,0
A01554,0
A01555,0
A01556,0
A01557,0
A01558,0
A01559,0
A01560,0
A01561,0
A01562,1
A01563,0
A01564,0
A01565,0
A01566,0
A01567,0
A01568,0
A01569,0
A01570,0
A01571,0
A01572,0
A01573,0
A01574,0
A01575,0
A01576,0
A01577,0
A01578,0
A01579,0
A01580,0
A01581,0
A01582,0
A01583,0
A01584,1
A01585,0
A01586,0
A01587,0
A01588,0
A01589,1
A01590,0
A01591,0
A01592,0
A01593,0
A01594,1
A01595,0
A01596,0
A01597,0
A01598,0
A01599,0
A01600,0
A01601,0
A01602,0
A01603,0
A01604,0
A01605,0
A01606,0
A01607,1
A01608,0
A01609,0
A01610,0
A01611,0
A01612,0
A01613,0
A01614,0
A01615,0
A01616,0
A01617,0
A01618,1
A01619,0
A01620,0
A01621,0
A01622,0
A01623,0
A01624,1
A01625,0
A01626,0
A01627,0
A01628,0
A01629,1
A01630,0
A01631,0
A01632,0
A01633,0
A01634,0
A01635,0
A01636,0
A01637,0
A01638,0
A01639,0
A01640,0
A01641,0
A01642,1
A01643,0
A01644,0
A01645,0
A01646,0
A01647,0
A01648,0
A01649,0
A01650,0
A01651,0
A01652,0
A01653,0
A01654,0
A01655,0
A01656,0
A01657,0
A01658,0
A01659,0
A01660,0
A01661,0
A01662,1
A01663,0
A01664,0
A01665,0
A01666,0
A01667,0
A01668,0
A01669,0
A01670,0
A01671,0
A01672,0
A01673,0
A01674,0
A01675,0
A01676,0
A01677,0
A01678,0
A01679,0
A01680,0
A01681,0
A01682,0
A01683,0
A01684,0
A01685,1
A01686,0
A01687,0
A01688,0
A01689,0
A01690,0
A01691,1
A01692,0
A01693,1
A01694,0
A01695,0
A01696,0
A01697,0
A01698,0
A01699,0
A01700,0
A01701,0
A01702,0
A01703,0
A01704,0
A01705,0
A01706,0
A01707,0
A01708,0
A01709,0
A01710,0
A01711,1
A01712,0
A01713,0
A01714,0
A01715,1
A01716,0
A01717,0
A01718,1
A01719,0
A01720,0
A01721,0
A01722,0
A01723,0
A01724,0
A01725,0
A01726,0
A01727,0
A01728,0
A01729,0
A01730,0
A01731,0
A01732,0
A01733,0
A01734,0
A01735,0
A01736,0
A01737,0
A01738,0
A01739,0
A01740,0
A01741,0
A01742,0
A01743,0
A01744,0
A01745,0
A01746,0
A01747,1
A01748,0
A01749,0
A01750,0
A01751,0
A01752,0
A01753,1
A01754,0
A01755,0
A01756,0
A01757,0
A01758,0
A01759,0
A01760,0
A01761,0
A01762,0
A01763,0
A01764,0
A01765,1
A01766,0
A01767,0
A01768,0
A01769,0
A01770,0
A01771,0
A01772,0
A01773,0
A01774,1
A01775,0
A01776,1
A01777,0
A01778,0
A01779,0
A01780,0
A01781,0
A01782,0
A01783,0
A01784,1
A01785,0
A01786,1
A01787,0
A01788,0
A01789,0
A01790,0
A01791,0
A01792,0
A01793,0
A01794,0
A01795,0
A01796,0
A01797,0
A01798,0
A01799,0
A01800,0
A01801,0
A01802,0
A01803,0
A01804,0
A01805,0
A01806,0
A01807,0
A01808,0
A01809,0
A01810,0
A01811,1
A01812,0
A01813,0
A01814,0
A01815,0
A01816,0
A01817,0
A01818,0
A01819,0
A01820,0
A01821,0
A01822,0
A01823,0
A01824,0
A01825,0
A01826,0
A01827,0
A01828,1
A01829,0
A01830,0
A01831,1
A01832,0
A01833,0
A01834,0
A01835,0
A01836,0
A01837,0
A01838,0
A01839,0
A01840,0
A01841,0
A01842,0
A01843,0
A01844,1
A01845,0
A01846,0
A01847,0
A01848,0
A01849,0
A01850,0
A01851,0
A01852,0
A01853,1
A01854,0
A01855,0
A01856,0
A01857,0
A01858,0
A01859,0
A01860,0
A01861,0
A01862,0
A01863,0
A01864,0
A01865,0
A01866,0
A01867,0
A01868,0
A01869,1
A01870,0
A01871,0
A01872,0
A01873,0
A01874,0
A01875,0
A01876,0
A01877,0
A01878,0
A01879,0
A01880,0
A01881,0
A01882,0
A01883,1
A01884,0
A01885,0
A01886,0
A01887,0
A01888,0
A01889,0
A01890,0
A01891,0
A01892,1
A01893,0
A01894,0
A01895,0
A01896,0
A01897,0
A01898,0
A01899,0
A01900,0
A01901,0
A01902,0
A01903,0
A01904,0
A01905,0
A01906,0
A01907,0
A01908,0
A01909,0
A01910,0
A01911,0
A01912,0
A01913,0
A01914,0
A01915,0
A01916,0
A01917,0
A01918,0
A01919,0
A01920,0
A01921,0
A01922,0
A01923,0
A01924,0
A01925,0
A01926,0
A01927,0
A01928,0
A01929,0
A01930,1
A01931,0
A01932,1
A01933,0
A01934,0
A01935,0
A01936,0
A01937,0
A01938,0
A01939,0
A01940,0
A01941,1
A01942,0
A01943,0
A01944,0
A01945,0
A01946,0
A01947,0
A01948,0
A01949,0
A01950,0
A01951,1
A01952,0
A01953,0
A01954,0
A01955,0
A01956,0
A01957,0
A01958,0
A01959,0
A01960,0
A01961,0
A01962,0
A01963,0
A01964,0
A01965,0
A01966,0
A01967,0
A01968,0
A01969,0
A01970,0
A01971,0
A01972,0
A01973,0
A01974,0
A01975,0
A01976,0
A01977,0
A01978,0
A01979,0
A01980,0
A01981,1
A01982,0
A01983,0
A01984,0
A01985,0
A01986,1
A01987,0
A01988,0
A01989,0
A01990,0
A01991,1
A01992,0
A01993,0
A01994,0
A01995,0
A01996,0
A01997,0
A01998,0
A01999,0
A02000,0
A02001,0
A02002,0
A02003,0
A02004,0
A02005,0
A02006,0
A02007,0
A02008,0
A02009,0
A02010,0
A02011,0
A02012,0
A02013,0
A02014,0
A02015,0
A02016,0
A02017,0
A02018,0
A02019,0
A02020,0
A02021,0
A02022,0
A02023,0
A02024,0
A02025,0
A02026,0
A02027,0
A02028,0
A02029,0
A02030,0
A02031,0
A02032,0
A02033,0
A02034,0
A02035,0
A02036,0
A02037,0
A02038,0
A02039,0
A02040,0
A02041,0
A02042,1
A02043,0
A02044,0
A02045,0
A02046,0
A02047,1
A02048,0
A02049,0
A02050,0
A02051,1
A02052,0
A02053,0
A02054,0
A02055,0
A02056,0
A02057,1
A02058,0
A02059,0
A02060,0
A02061,0
A02062,0
A02063,0
A02064,0
A02065,0
A02066,0
A02067,0
A02068,0
A02069,0
A02070,1
A02071,0
A02072,1
A02073,0
A02074,0
A02075,0
A02076,0
A02077,0
A02078,0
A02079,0
A02080,0
A02081,1
A02082,0
A02083,0
A02084,0
A02085,0
A02086,0
A02087,0
A02088,0
A02089,0
A02090,0
A02091,0
A02092,0
A02093,0
A02094,0
A02095,0
A02096,0
A02097,0
A02098,0
A02099,0
A02100,0
A02101,0
A02102,1
A02103,0
A02104,1
A02105,0
A02106,0
A02107,0
A02108,0
A02109,0
A02110,1
A02111,0
A02112,0
A02113,0
A02114,0
A02115,0
A02116,0
A02117,0
A02118,0
A02119,1
A02120,0
A02121,0
A02122,0
A02123,0
A02124,0
A02125,0
A02126,1
A02127,0
A02128,0
A02129,0
A02130,0
A02131,0
A02132,0
A02133,0
A02134,0
A02135,0
A02136,0
A02137,0
A02138,0
A02139,0
A02140,0
A02141,0
A02142,0
A02143,0
A02144,0
A02145,0
A02146,0
A02147,0
A02148,0
A02149,0
A02150,1
A02151,0
A02152,0
A02153,0
A02154,0
A02155,0
A02156,0
A02157,0
A02158,0
A02159,1
A02160,0
A02161,0
A02162,0
A02163,0
A02164,0
A02165,1
A02166,0
A02167,0
A02168,0
A02169,0
A02170,0
A02171,0
A02172,0
A02173,0
A02174,0
A02175,0
A02176,0
A02177,0
A02178,0
A02179,0
A02180,0
A02181,0
A02182,0
A02183,0
A02184,0
A02185,0
A02186,0
A02187,0
A02188,0
A02189,0
A02190,1
A02191,0
A02192,0
A02193,0
A02194,0
A02195,0
A02196,0
A02197,1
A02198,0
A02199,0
A02200,0
A02201,0
A02202,0
A02203,0
A02204,0
A02205,0
A02206,0
A02207,0
A02208,0
A02209,0
A02210,0
A02211,0
A02212,0
A02213,0
A02214,0
A02215,0
A02216,0
A02217,0
A02218,1
A02219,0
A02220,0
A02221,0
A02222,0
A02223,0
A02224,1
A02225,0
A02226,0
A02227,0
A02228,0
A02229,0
A02230,0
A02231,0
A02232,0
A02233,0
A02234,0
A02235,0
A02236,0
A02237,0
A02238,0
A02239,0
A02240,0
A02241,0
A02242,0
A02243,0
A02244,0
A02245,0
A02246,0
A02247,0
A02248,1
A02249,0
A02250,0
A02251,0
A02252,0
A02253,0
A02254,0
A02255,0
A02256,0
A02257,0
A02258,0
A02259,0
A02260,0
A02261,0
A02262,0
A02263,0
A02264,0
A02265,0
A02266,0
A02267,0
A02268,0
A02269,0
A02270,0
A02271,0
A02272,0
A02273,0
A02274,0
A02275,0
A02276,0
A02277,0
A02278,0
A02279,1
A02280,0
A02281,0
A02282,0
A02283,0
A02284,0
A02285,0
A02286,0
A02287,0
A02288,0
A02289,1
A02290,1
A02291,1
A02292,0
A02293,0
A02294,0
A02295,0
A02296,0
A02297,0
A02298,0
A02299,0
A02300,0
A02301,0
A02302,0
A02303,0
A02304,0
A02305,0
A02306,0
A02307,1
A02308,0
A02309,0
A02310,0
A02311,0
A02312,0
A02313,0
A02314,0
A02315,0
A02316,0
A02317,0
A02318,0
A02319,0
A02320,0
A02321,0
A02322,0
A02323,1
A02324,0
A02325,1
A02326,1
A02327,0
A02328,0
A02329,0
A02330,1
A02331,0
A02332,0
A02333,0
A02334,0
A02335,0
A02336,0
A02337,0
A02338,0
A02339,0
A02340,0
A02341,0
A02342,0
A02343,0
A02344,0
A02345,0
A02346,0
A02347,0
A02348,0
A02349,0
A02350,0
A02351,0
A02352,0
A02353,1
A02354,0
A02355,1
A02356,0
A02357,0
A02358,0
A02359,0
A02360,0
A02361,0
A02362,0
A02363,0
A02364,0
A02365,0
A02366,0
A02367,0
A02368,0
A02369,0
A02370,0
A02371,0
A02372,0
A02373,0
A02374,0
A02375,1
A02376,0
A02377,0
A02378,0
A02379,0
A02380,0
A02381,0
A02382,0
A02383,0
A02384,0
A02385,0
A02386,0
A02387,0
A02388,0
A02389,0
A02390,0
A02391,1
A02392,0
A02393,0
A02394,0
A02395,0
A02396,0
A02397,0
A02398,0
A02399,0
A02400,1
A02401,1
A02402,1
A02403,0
A02404,0
A02405,0
A02406,0
A02407,0
A02408,0
A02409,0
A02410,0
A02411,0
A02412,0
A02413,0
A02414,0
A02415,0
A02416,0
A02417,0
A02418,0
A02419,0
A02420,0
A02421,0
A02422,0
A02423,0
A02424,0
A02425,1
A02426,1
A02427,0
A02428,0
A02429,1
A02430,0
A02431,0
A02432,0
A02433,0
A02434,0
A02435,0
A02436,0
A02437,0
A02438,0
A02439,1
A02440,0
A02441,0
A02442,1
A02443,0
A02444,0
A02445,0
A02446,0
A02447,0
A02448,0
A02449,0
A02450,0
A02451,1
A02452,0
A02453,0
A02454,0
A02455,1
A02456,1
A02457,0
A02458,0
A02459,0
A02460,1
A02461,1
A02462,0
A02463,0
A02464,1
A02465,0
A02466,0
A02467,0
A02468,0
A02469,0
A02470,0
A02471,0
A02472,0
A02473,0
A02474,1
A02475,1
A02476,0
A02477,0
A02478,0
A02479,0
A02480,0
A02481,0
A02482,0
A02483,1
A02484,0
A02485,0
A02486,0
A02487,0
A02488,0
A02489,0
A02490,0
A02491,0
A02492,0
A02493,1
A02494,0
A02495,0
A02496,0
A02497,0
A02498,0
A02499,1
A02500,0
A02501,1
A02502,1
A02503,0
A02504,0
A02505,0
A02506,1
A02507,0
A02508,0
A02509,1
A02510,0
A02511,0
A02512,0
A02513,0
A02514,0
A02515,0
A02516,0
A02517,0
A02518,0
A02519,1
A02520,0
A02521,0
A02522,0
A02523,0
A02524,0
A02525,0
A02526,0
A02527,0
A02528,0
A02529,0
A02530,0
A02531,0
A02532,1
A02533,0
A02534,0
A02535,0
A02536,1
A02537,0
A02538,1
A02539,0
A02540,0
A02541,0
A02542,0
A02543,0
A02544,0
A02545,0
A02546,0
A02547,0
A02548,0
A02549,1
A02550,1
A02551,0
A02552,0
A02553,0
A02554,0
A02555,0
A02556,0
A02557,1
A02558,0
A02559,1
A02560,0
A02561,0
A02562,0
A02563,0
A02564,0
A02565,0
A02566,0
A02567,0
A02568,0
A02569,0
A02570,0
A02571,0
A02572,0
A02573,0
A02574,0
A02575,0
A02576,0
A02577,0
A02578,0
A02579,0
A02580,0
A02581,0
A02582,0
A02583,0
A02584,0
A02585,0
A02586,0
A02587,1
A02588,0
A02589,0
A02590,0
A02591,0
A02592,0
A02593,0
A02594,1
A02595,0
A02596,0
A02597,0
A02598,0
A02599,0
A02600,0
A02601,0
A02602,0
A02603,0
A02604,0
A02605,0
A02606,0
A02607,0
A02608,0
A02609,0
A02610,0
A02611,1
A02612,0
A02613,0
A02614,0
A02615,0
A02616,0
A02617,0
A02618,0
A02619,0
A02620,0
A02621,0
A02622,0
A02623,0
A02624,0
A02625,0
A02626,0
A02627,0
A02628,0
A02629,0
A02630,0
A02631,0
A02632,0
A02633,0
A02634,0
A02635,0
A02636,0
A02637,0
A02638,0
A02639,0
A02640,0
A02641,0
A02642,0
A02643,0
A02644,1
A02645,0
A02646,0
A02647,0
A02648,0
A02649,1
A02650,0
A02651,0
A02652,0
A02653,0
A02654,0
A02655,0
A02656,0
A02657,0
A02658,0
A02659,0
A02660,0
A02661,0
A02662,0
A02663,0
A02664,0
A02665,0
A02666,0
A02667,0
A02668,0
A02669,0
A02670,0
A02671,0
A02672,0
A02673,0
A02674,0
A02675,0
A02676,0
A02677,1
A02678,0
A02679,0
A02680,0
A02681,0
A02682,0
A02683,0
A02684,0
A02685,0
A02686,1
A02687,0
A02688,0
A02689,0
A02690,0
A02691,0
A02692,0
A02693,0
A02694,1
A02695,1
A02696,0
A02697,0
A02698,0
A02699,0
A02700,0
A02701,0
A02702,0
A02703,0
A02704,0
A02705,0
A02706,0
A02707,0
A02708,0
A02709,0
A02710,0
A02711,0
A02712,0
A02713,0
A02714,0
A02715,0
A02716,0
A02717,0
A02718,0
A02719,0
A02720,0
A02721,0
A02722,1
A02723,0
A02724,0
A02725,0
A02726,0
A02727,1
A02728,0
A02729,0
A02730,0
A02731,0
A02732,0
A02733,0
A02734,0
A02735,0
A02736,0
A02737,0
A02738,1
A02739,0
A02740,0
A02741,0
A02742,0
A02743,0
A02744,0
A02745,0
A02746,0
A02747,0
A02748,0
A02749,0
A02750,0
A02751,0
A02752,0
A02753,0
A02754,0
A02755,0
A02756,0
A02757,1
A02758,0
A02759,0
A02760,0
A02761,0
A02762,0
A02763,0
A02764,1
A02765,0
A02766,0
A02767,0
A02768,0
A02769,0
A02770,0
A02771,0
A02772,0
A02773,0
A02774,0
A02775,0
A02776,1
A02777,0
A02778,0
A02779,0
A02780,0
A02781,0
A02782,1
A02783,0
A02784,1
A02785,0
A02786,0
A02787,0
A02788,0
A02789,0
A02790,0
A02791,0
A02792,0
A02793,0
A02794,0
A02795,0
A02796,0
A02797,0
A02798,0
A02799,0
A02800,0
A02801,0
A02802,0
A02803,0
A02804,0
A02805,1
A02806,0
A02807,1
A02808,0
A02809,0
A02810,0
A02811,0
A02812,0
A02813,0
A02814,0
A02815,0
A02816,0
A02817,0
A02818,0
A02819,1
A02820,0
A02821,0
A02822,0
A02823,0
A02824,0
A02825,0
A02826,0
A02827,0
A02828,0
A02829,0
A02830,0
A02831,0
A02832,0
A02833,0
A02834,0
A02835,0
A02836,0
A02837,0
A02838,0
A02839,0
A02840,0
A02841,0
A02842,0
A02843,0
A02844,0
A02845,1
A02846,0
A02847,0
A02848,0
A02849,0
A02850,0
A02851,0
A02852,0
A02853,1
A02854,0
A02855,0
A02856,1
A02857,0
A02858,0
A02859,0
A02860,0
A02861,0
A02862,0
A02863,0
A02864,0
A02865,0
A02866,0
A02867,0
A02868,0
A02869,0
A02870,0
A02871,0
A02872,1
A02873,0
A02874,0
A02875,0
A02876,0
A02877,0
A02878,0
A02879,1
A02880,0
A02881,0
A02882,0
A02883,0
A02884,0
A02885,0
A02886,0
A02887,0
A02888,0
A02889,0
A02890,0
A02891,0
A02892,1
A02893,0
A02894,1
A02895,1
A02896,0
A02897,0
A02898,1
A02899,1
A02900,1
A02901,0
A02902,0
A02903,0
A02904,0
A02905,0
A02906,1
A02907,0
A02908,0
A02909,0
A02910,0
A02911,0
A02912,0
A02913,0
A02914,0
A02915,0
A02916,0
A02917,0
A02918,1
A02919,0
A02920,0
A02921,0
A02922,0
A02923,0
A02924,0
A02925,0
A02926,1
A02927,0
A02928,0
A02929,0
A02930,0
A02931,0
A02932,0
A02933,0
A02934,0
A02935,0
A02936,0
A02937,1
A02938,0
A02939,0
A02940,0
A02941,0
A02942,1
A02943,0
A02944,0
A02945,1
A02946,0
A02947,0
A02948,0
A02949,0
A02950,0
A02951,0
A02952,0
A02953,0
A02954,0
A02955,0
A02956,0
A02957,0
A02958,0
A02959,0
A02960,0
A02961,0
A02962,0
A02963,0
A02964,0
A02965,1
A02966,0
A02967,0
A02968,0
A02969,0
A02970,0
A02971,0
A02972,0
A02973,0
A02974,0
A02975,0
A02976,0
A02977,0
A02978,1
A02979,0
A02980,0
A02981,0
A02982,0
A02983,0
A02984,0
A02985,0
A02986,0
A02987,0
A02988,0
A02989,0
A02990,0
A02991,0
A02992,0
A02993,0
A02994,0
A02995,0
A02996,0
A02997,0
A02998,0
A02999,0
A03000,0
A03001,0
A03002,0
A03003,0
A03004,1
A03005,0
A03006,0
A03007,0
A03008,0
A03009,0
A03010,0
A03011,0
A03012,1
A03013,1
A03014,0
A03015,0
A03016,0
A03017,0
A03018,0
A03019,0
A03020,0
A03021,0
A03022,0
A03023,0
A03024,0
A03025,0
A03026,0
A03027,0
A03028,0
A03029,0
A03030,0
A03031,1
A03032,0
A03033,0
A03034,1
A03035,0
A03036,0
A03037,0
A03038,0
A03039,0
A03040,0
A03041,0
A03042,0
A03043,0
A03044,0
A03045,0
A03046,1
A03047,0
A03048,0
A03049,0
A03050,0
A03051,0
A03052,0
A03053,0
A03054,0
A03055,1
A03056,0
A03057,0
A03058,0
A03059,0
A03060,0
A03061,0
A03062,0
A03063,1
A03064,0
A03065,0
A03066,0
A03067,0
A03068,0
A03069,0
A03070,0
A03071,0
A03072,0
A03073,0
A03074,0
A03075,0
A03076,0
A03077,0
A03078,1
A03079,0
A03080,1
A03081,1
A03082,0
A03083,0
A03084,0
A03085,0
A03086,0
A03087,0
A03088,0
A03089,0
A03090,0
A03091,0
A03092,0
A03093,0
A03094,0
A03095,0
A03096,0
A03097,0
A03098,0
A03099,0
A03100,0
A03101,1
A03102,0
A03103,0
A03104,0
A03105,0
A03106,0
A03107,0
A03108,0
A03109,0
A03110,0
A03111,0
A03112,0
A03113,0
A03114,0
A03115,0
A03116,0
A03117,0
A03118,0
A03119,0
A03120,0
A03121,0
A03122,0
A03123,0
A03124,0
A03125,0
A03126,1
A03127,0
A03128,1
A03129,0
A03130,0
A03131,0
A03132,0
A03133,0
A03134,0
A03135,0
A03136,0
A03137,0
A03138,0
A03139,0
A03140,0
A03141,0
A03142,0
A03143,0
A03144,0
A03145,0
A03146,0
A03147,0
A03148,0
A03149,0
A03150,0
A03151,0
A03152,1
A03153,0
A03154,1
A03155,0
A03156,0
A03157,0
A03158,0
A03159,0
A03160,0
A03161,1
A03162,0
A03163,0
A03164,0
A03165,0
A03166,0
A03167,0
A03168,0
A03169,0
A03170,0
A03171,0
A03172,0
A03173,0
A03174,0
A03175,0
A03176,0
A03177,0
A03178,0
A03179,0
A03180,0
A03181,0
A03182,0
A03183,0
A03184,0
A03185,1
A03186,0
A03187,1
A03188,0
A03189,0
A03190,0
A03191,0
A03192,0
A03193,0
A03194,0
A03195,0
A03196,0
A03197,0
A03198,0
A03199,0
A03200,0
A03201,0
A03202,0
A03203,0
A03204,0
A03205,0
A03206,0
A03207,0
A03208,0
A03209,0
A03210,0
A03211,0
A03212,1
A03213,0
A03214,0
A03215,0
A03216,0
A03217,0
A03218,0
A03219,0
A03220,0
A03221,1
A03222,0
A03223,1
A03224,0
A03225,0
A03226,0
A03227,0
A03228,0
A03229,0
A03230,1
A03231,0
A03232,0
A03233,0
A03234,0
A03235,0
A03236,0
A03237,0
A03238,0
A03239,0
A03240,0
A03241,1
A03242,0
A03243,0
A03244,0
A03245,0
A03246,1
A03247,0
A03248,0
A03249,0
A03250,0
A03251,0
A03252,0
A03253,0
A03254,0
A03255,0
A03256,0
A03257,0
A03258,0
A03259,0
A03260,0
A03261,0
A03262,0
A03263,0
A03264,0
A03265,0
A03266,0
A03267,0
A03268,0
A03269,0
A03270,0
A03271,0
A03272,0
A03273,1
A03274,0
A03275,0
A03276,0
A03277,0
A03278,0
A03279,0
A03280,0
A03281,0
A03282,0
A03283,0
A03284,0
A03285,0
A03286,0
A03287,0
A03288,0
A03289,0
A03290,0
A03291,0
A03292,0
A03293,0
A03294,0
A03295,1
A03296,0
A03297,0
A03298,0
A03299,0
A03300,0
A03301,0
A03302,0
A03303,0
A03304,0
A03305,0
A03306,1
A03307,0
A03308,0
A03309,0
A03310,1
A03311,0
A03312,0
A03313,0
A03314,0
A03315,0
A03316,0
A03317,0
A03318,0
A03319,1
A03320,0
A03321,0
A03322,0
A03323,0
A03324,0
A03325,0
A03326,0
A03327,0
A03328,0
A03329,0
A03330,0
A03331,0
A03332,0
A03333,0
A03334,0
A03335,0
A03336,0
A03337,0
A03338,0
A03339,0
A03340,0
A03341,0
A03342,1
A03343,0
A03344,0
A03345,0
A03346,1
A03347,0
A03348,0
A03349,0
A03350,0
A03351,0
A03352,0
A03353,0
A03354,0
A03355,0
A03356,0
A03357,0
A03358,1
A03359,0
A03360,0
A03361,0
A03362,0
A03363,0
A03364,0
A03365,0
A03366,0
A03367,0
A03368,0
A03369,0
A03370,0
A03371,0
A03372,0
A03373,0
A03374,1
A03375,0
A03376,0
A03377,0
A03378,0
A03379,0
A03380,0
A03381,0
A03382,1
A03383,0
A03384,0
A03385,0
A03386,0
A03387,0
A03388,0
A03389,1
A03390,0
A03391,1
A03392,0
A03393,0
A03394,0
A03395,0
A03396,0
A03397,0
A03398,0
A03399,0
A03400,0
A03401,0
A03402,0
A03403,0
A03404,0
A03405,0
A03406,0
A03407,0
A03408,0
A03409,0
A03410,0
A03411,0
A03412,0
A03413,0
A03414,0
A03415,0
A03416,0
A03417,0
A03418,0
A03419,0
A03420,0
A03421,0
A03422,0
A03423,0
A03424,0
A03425,0
A03426,0
A03427,0
A03428,0
A03429,0
A03430,0
A03431,0
A03432,0
A03433,0
A03434,0
A03435,0
A03436,0
A03437,1
A03438,0
A03439,0
A03440,0
A03441,0
A03442,0
A03443,0
A03444,0
A03445,0
A03446,1
A03447,0
A03448,0
A03449,0
A03450,0
A03451,0
A03452,0
A03453,0
A03454,0
A03455,0
A03456,0
A03457,0
A03458,0
A03459,0
A03460,1
A03461,0
A03462,0
A03463,0
A03464,0
A03465,0
A03466,0
A03467,1
A03468,1
A03469,1
A03470,0
A03471,0
A03472,0
A03473,0
A03474,0
A03475,0
A03476,0
A03477,0
A03478,0
A03479,0
A03480,0
A03481,0
A03482,0
A03483,0
A03484,0
A03485,0
A03486,0
A03487,0
A03488,0
A03489,0
A03490,0
A03491,0
A03492,0
A03493,0
A03494,0
A03495,0
A03496,0
A03497,1
A03498,1
A03499,1
A03500,0
A03501,1
A03502,1
A03503,1
A03504,0
A03505,0
A03506,0
A03507,0
A03508,1
A03509,0
A03510,0
A03511,0
A03512,0
A03513,0
A03514,0
A03515,0
A03516,0
A03517,0
A03518,0
A03519,0
A03520,0
A03521,0
A03522,0
A03523,0
A03524,0
A03525,0
A03526,0
A03527,1
A03528,0
A03529,0
A03530,0
A03531,0
A03532,0
A03533,0
A03534,0
A03535,0
A03536,0
A03537,0
A03538,0
A03539,0
A03540,0
A03541,0
A03542,0
A03543,0
A03544,0
A03545,0
A03546,0
A03547,0
A03548,1
A03549,0
A03550,0
A03551,0
A03552,0
A03553,0
A03554,0
A03555,0
A03556,0
A03557,0
A03558,0
A03559,0
A03560,0
A03561,0
A03562,0
A03563,0
A03564,0
A03565,0
A03566,0
A03567,1
A03568,0
A03569,1
A03570,0
A03571,0
A03572,0
A03573,0
A03574,0
A03575,0
A03576,1
A03577,0
A03578,0
A03579,0
A03580,0
A03581,0
A03582,0
A03583,0
A03584,1
A03585,0
A03586,0
A03587,0
A03588,0
A03589,0
A03590,0
A03591,0
A03592,1
A03593,0
A03594,0
A03595,0
A03596,0
A03597,0
A03598,0
A03599,0
A03600,0
A03601,0
A03602,0
A03603,0
A03604,0
A03605,1
A03606,1
A03607,0
A03608,0
A03609,0
A03610,1
A03611,0
A03612,0
A03613,0
A03614,0
A03615,0
A03616,0
A03617,0
A03618,0
A03619,0
A03620,0
A03621,0
A03622,0
A03623,0
A03624,0
A03625,0
A03626,0
A03627,0
A03628,1
A03629,1
A03630,0
A03631,0
A03632,0
A03633,0
A03634,1
A03635,1
A03636,0
A03637,0
A03638,0
A03639,0
A03640,0
A03641,0
A03642,0
A03643,0
A03644,0
A03645,0
A03646,0
A03647,0
A03648,0
A03649,0
A03650,0
A03651,0
A03652,0
A03653,0
A03654,0
A03655,0
A03656,0
A03657,1
A03658,0
A03659,0
A03660,1
A03661,0
A03662,0
A03663,0
A03664,0
A03665,0
A03666,0
A03667,0
A03668,0
A03669,0
A03670,1
A03671,1
A03672,0
A03673,0
A03674,0
A03675,0
A03676,0
A03677,0
A03678,0
A03679,0
A03680,0
A03681,0
A03682,0
A03683,0
A03684,0
A03685,0
A03686,0
A03687,0
A03688,0
A03689,0
A03690,0
A03691,1
A03692,0
A03693,0
A03694,0
A03695,0
A03696,0
A03697,0
A03698,0
A03699,0
A03700,0
A03701,0
A03702,0
A03703,0
A03704,0
A03705,0
A03706,0
A03707,1
A03708,0
A03709,0
A03710,0
A03711,0
A03712,0
A03713,0
A03714,0
A03715,0
A03716,0
A03717,0
A03718,0
A03719,0
A03720,0
A03721,0
A03722,0
A03723,0
A03724,0
A03725,0
A03726,0
A03727,0
A03728,0
A03729,0
A03730,0
A03731,0
A03732,0
A03733,0
A03734,0
A03735,0
A03736,0
A03737,0
A03738,0
A03739,0
A03740,0
A03741,0
A03742,0
A03743,0
A03744,0
A03745,0
A03746,1
A03747,0
A03748,0
A03749,0
A03750,0
A03751,0
A03752,0
A03753,0
A03754,0
A03755,0
A03756,0
A03757,0
A03758,0
A03759,0
A03760,1
A03761,0
A03762,0
A03763,0
A03764,0
A03765,0
A03766,0
A03767,0
A03768,0
A03769,0
A03770,0
A03771,0
A03772,0
A03773,0
A03774,0
A03775,0
A03776,0
A03777,0
A03778,0
A03779,0
A03780,0
A03781,0
A03782,1
A03783,0
A03784,0
A03785,0
A03786,0
A03787,0
A03788,0
A03789,0
A03790,0
A03791,0
A03792,1
A03793,0
A03794,0
A03795,0
A03796,0
A03797,0
A03798,0
A03799,0
A03800,0
A03801,0
A03802,0
A03803,0
A03804,0
A03805,0
A03806,0
A03807,0
A03808,0
A03809,0
A03810,0
A03811,0
A03812,0
A03813,0
A03814,0
A03815,0
A03816,0
A03817,0
A03818,0
A03819,0
A03820,0
A03821,0
A03822,0
A03823,0
A03824,0
A03825,0
A03826,0
A03827,1
A03828,0
A03829,0
A03830,0
A03831,0
A03832,0
A03833,0
A03834,1
A03835,0
A03836,1
A03837,0
A03838,1
A03839,0
A03840,0
A03841,1
A03842,0
A03843,0
A03844,1
A03845,0
A03846,0
A03847,0
A03848,0
A03849,0
A03850,0
A03851,0
A03852,1
A03853,0
A03854,0
A03855,0
A03856,0
A03857,1
A03858,0
A03859,0
A03860,0
A03861,0
A03862,0
A03863,1
A03864,0
A03865,0
A03866,0
A03867,0
A03868,0
A03869,0
A03870,0
A03871,0
A03872,0
A03873,0
A03874,0
A03875,0
A03876,0
A03877,0
A03878,0
A03879,0
A03880,0
A03881,0
A03882,0
A03883,0
A03884,0
A03885,0
A03886,0
A03887,0
A03888,0
A03889,0
A03890,0
A03891,0
A03892,0
A03893,0
A03894,0
A03895,0
A03896,0
A03897,0
A03898,0
A03899,0
A03900,0
A03901,0
A03902,0
A03903,0
A03904,0
A03905,1
A03906,0
A03907,0
A03908,0
A03909,0
A03910,1
A03911,0
A03912,0
A03913,0
A03914,0
A03915,0
A03916,0
A03917,0
A03918,0
A03919,0
A03920,0
A03921,0
A03922,0
A03923,0
A03924,0
A03925,0
A03926,0
A03927,0
A03928,0
A03929,0
A03930,0
A03931,0
A03932,0
A03933,0
A03934,0
A03935,0
A03936,0
A03937,0
A03938,0
A03939,1
A03940,0
A03941,0
A03942,0
A03943,0
A03944,0
A03945,0
A03946,0
A03947,0
A03948,0
A03949,0
A03950,0
A03951,0
A03952,0
A03953,0
A03954,1
A03955,0
A03956,0
A03957,0
A03958,0
A03959,0
A03960,1
A03961,0
A03962,0
A03963,0
A03964,0
A03965,0
A03966,0
A03967,0
A03968,0
A03969,0
A03970,0
A03971,0
A03972,0
A03973,0
A03974,0
A03975,0
A03976,0
A03977,0
A03978,0
A03979,1
A03980,0
A03981,0
A03982,0
A03983,1
A03984,0
A03985,0
A03986,0
A03987,0
A03988,0
A03989,0
A03990,0
A03991,0
A03992,0
A03993,0
A03994,0
A03995,0
A03996,0
A03997,0
A03998,0
A03999,0
A04000,0
A04001,0
A04002,0
A04003,0
A04004,0
A04005,0
A04006,0
A04007,0
A04008,0
A04009,0
A04010,0
A04011,0
A04012,0
A04013,0
A04014,0
A04015,0
A04016,1
A04017,0
A04018,0
A04019,1
A04020,0
A04021,0
A04022,0
A04023,0
A04024,0
A04025,1
A04026,0
A04027,0
A04028,0
A04029,0
A04030,1
A04031,0
A04032,0
A04033,0
A04034,0
A04035,0
A04036,0
A04037,0
A04038,0
A04039,0
A04040,0
A04041,0
A04042,0
A04043,0
A04044,0
A04045,0
A04046,0
A04047,0
A04048,1
A04049,0
A04050,0
A04051,0
A04052,0
A04053,0
A04054,0
A04055,0
A04056,0
A04057,0
A04058,0
A04059,0
A04060,0
A04061,0
A04062,0
A04063,0
A04064,0
A04065,0
A04066,0
A04067,0
A04068,0
A04069,1
A04070,0
A04071,0
A04072,0
A04073,0
A04074,0
A04075,0
A04076,0
A04077,0
A04078,0
A04079,0
A04080,0
A04081,0
A04082,0
A04083,0
A04084,0
A04085,0
A04086,0
A04087,0
A04088,0
A04089,0
A04090,0
A04091,0
A04092,0
A04093,0
A04094,0
A04095,0
A04096,0
A04097,0
A04098,0
A04099,0
A04100,0
A04101,0
A04102,0
A04103,0
A04104,0
A04105,0
A04106,0
A04107,0
A04108,0
A04109,0
A04110,0
A04111,0
A04112,0
A04113,0
A04114,0
A04115,0
A04116,0
A04117,1
A04118,0
A04119,0
A04120,0
A04121,0
A04122,1
A04123,1
A04124,0
A04125,0
A04126,0
A04127,0
A04128,1
A04129,0
A04130,0
A04131,0
A04132,0
A04133,0
A04134,0
A04135,0
A04136,1
A04137,0
A04138,0
A04139,0
A04140,0
A04141,0
A04142,0
A04143,0
A04144,0
A04145,0
A04146,0
A04147,0
A04148,0
A04149,0
A04150,0
A04151,0
A04152,0
A04153,0
A04154,0
A04155,0
A04156,0
A04157,0
A04158,0
A04159,0
A04160,0
A04161,0
A04162,0
A04163,0
A04164,0
A04165,0
A04166,0
A04167,0
A04168,0
A04169,0
A04170,0
A04171,0
A04172,0
A04173,0
A04174,0
A04175,0
A04176,0
A04177,0
A04178,0
A04179,0
A04180,0
A04181,0
A04182,0
A04183,0
A04184,0
A04185,0
A04186,0
A04187,0
A04188,0
A04189,0
A04190,0
A04191,0
A04192,0
A04193,0
A04194,0
A04195,0
A04196,0
A04197,0
A04198,0
A04199,0
A04200,0
A04201,1
A04202,0
A04203,0
A04204,0
A04205,0
A04206,0
A04207,1
A04208,0
A04209,0
A04210,0
A04211,0
A04212,0
A04213,0
A04214,0
A04215,0
A04216,0
A04217,0
A04218,1
A04219,0
A04220,1
A04221,0
A04222,0
A04223,0
A04224,0
A04225,0
A04226,0
A04227,0
A04228,0
A04229,0
A04230,1
A04231,0
A04232,0
A04233,0
A04234,0
A04235,0
A04236,0
A04237,0
A04238,0
A04239,0
A04240,0
A04241,0
A04242,0
A04243,0
A04244,0
A04245,0
A04246,0
A04247,0
A04248,0
A04249,0
A04250,0
A04251,0
A04252,0
A04253,0
A04254,0
A04255,0
A04256,0
A04257,0
A04258,0
A04259,0
A04260,0
A04261,1
A04262,0
A04263,0
A04264,0
A04265,0
A04266,0
A04267,0
A04268,0
A04269,0
A04270,0
A04271,0
A04272,1
A04273,0
A04274,0
A04275,0
A04276,0
A04277,0
A04278,0
A04279,0
A04280,0
A04281,0
A04282,0
A04283,0
A04284,0
A04285,0
A04286,0
A04287,0
A04288,0
A04289,0
A04290,0
A04291,0
A04292,0
A04293,0
A04294,0
A04295,0
A04296,0
A04297,0
A04298,0
A04299,1
A04300,0
A04301,0
A04302,0
A04303,0
A04304,0
A04305,0
A04306,0
A04307,0
A04308,0
A04309,0
A04310,0
A04311,0
A04312,0
A04313,0
A04314,0
A04315,0
A04316,0
A04317,0
A04318,0
A04319,0
A04320,0
A04321,0
A04322,0
A04323,0
A04324,0
A04325,0
A04326,0
A04327,0
A04328,0
A04329,0
A04330,0
A04331,0
A04332,0
A04333,0
A04334,0
A04335,0
A04336,0
A04337,0
A04338,0
A04339,0
A04340,0
A04341,0
A04342,0
A04343,0
A04344,0
A04345,0
A04346,0
A04347,0
A04348,0
A04349,1
A04350,1
A04351,0
A04352,0
A04353,0
A04354,0
A04355,0
A04356,0
A04357,0
A04358,0
A04359,0
A04360,0
A04361,0
A04362,0
A04363,0
A04364,0
A04365,0
A04366,0
A04367,0
A04368,0
A04369,0
A04370,0
A04371,0
A04372,0
A04373,0
A04374,0
A04375,0
A04376,0
A04377,0
A04378,0
A04379,0
A04380,0
A04381,0
A04382,0
A04383,1
A04384,0
A04385,0
A04386,0
A04387,0
A04388,0
A04389,0
A04390,0
A04391,0
A04392,0
A04393,0
A04394,0
A04395,0
A04396,0
A04397,0
A04398,1
A04399,0
A04400,0
A04401,0
A04402,0
A04403,0
A04404,0
A04405,0
A04406,0
A04407,0
A04408,0
A04409,0
A04410,0
A04411,0
A04412,0
A04413,0
A04414,0
A04415,0
A04416,0
A04417,0
A04418,0
A04419,0
A04420,0
A04421,0
A04422,0
A04423,0
A04424,0
A04425,0
A04426,0
A04427,0
A04428,0
A04429,0
A04430,0
A04431,1
A04432,0
A04433,0
A04434,0
A04435,0
A04436,0
A04437,0
A04438,0
A04439,0
A04440,0
A04441,0
A04442,0
A04443,0
A04444,0
A04445,0
A04446,0
A04447,0
A04448,0
A04449,0
A04450,0
A04451,0
A04452,0
A04453,0
A04454,1
A04455,0
A04456,0
A04457,0
A04458,0
A04459,0
A04460,0
A04461,0
A04462,0
A04463,0
A04464,0
A04465,0
A04466,0
A04467,0
A04468,0
A04469,0
A04470,0
A04471,0
A04472,0
A04473,1
A04474,0
A04475,0
A04476,0
A04477,0
A04478,0
A04479,0
A04480,0
A04481,0
A04482,0
A04483,0
A04484,0
A04485,0
A04486,0
A04487,0
A04488,0
A04489,0
A04490,0
A04491,0
A04492,0
A04493,1
A04494,0
A04495,0
A04496,0
A04497,0
A04498,0
A04499,0
A04500,0
A04501,0
A04502,0
A04503,0
A04504,0
A04505,0
A04506,0
A04507,0
A04508,1
A04509,0
A04510,0
A04511,0
A04512,0
A04513,0
A04514,0
A04515,0
A04516,1
A04517,0
A04518,0
A04519,0
A04520,0
A04521,0
A04522,0
A04523,0
A04524,0
A04525,0
A04526,0
A04527,0
A04528,0
A04529,0
A04530,0
A04531,0
A04532,0
A04533,0
A04534,0
A04535,0
A04536,0
A04537,0
A04538,0
A04539,0
A04540,0
A04541,0
A04542,0
A04543,0
A04544,0
A04545,0
A04546,0
A04547,0
A04548,0
A04549,0
A04550,0
A04551,0
A04552,0
A04553,0
A04554,0
A04555,0
A04556,0
A04557,0
A04558,0
A04559,0
A04560,1
A04561,0
A04562,0
A04563,0
A04564,0
A04565,0
A04566,0
A04567,0
A04568,0
A04569,0
A04570,0
A04571,0
A04572,0
A04573,1
A04574,0
A04575,0
A04576,0
A04577,0
A04578,0
A04579,0
A04580,0
A04581,0
A04582,0
A04583,0
A04584,0
A04585,0
A04586,0
A04587,1
A04588,0
A04589,0
A04590,0
A04591,1
A04592,0
A04593,0
A04594,1
A04595,0
A04596,1
A04597,0
A04598,0
A04599,0
A04600,0
A04601,0
A04602,0
A04603,0
A04604,1
A04605,0
A04606,0
A04607,0
A04608,0
A04609,0
A04610,0
A04611,0
A04612,1
A04613,0
A04614,0
A04615,0
A04616,0
A04617,0
A04618,0
A04619,0
A04620,0
A04621,0
A04622,0
A04623,0
A04624,0
A04625,0
A04626,0
A04627,0
A04628,0
A04629,0
A04630,0
A04631,0
A04632,0
A04633,0
A04634,0
A04635,0
A04636,0
A04637,0
A04638,1
A04639,0
A04640,0
A04641,0
A04642,0
A04643,0
A04644,0
A04645,0
A04646,0
A04647,0
A04648,0
A04649,0
A04650,0
A04651,0
A04652,0
A04653,0
A04654,0
A04655,0
A04656,0
A04657,0
A04658,1
A04659,0
A04660,0
A04661,0
A04662,0
A04663,0
A04664,0
A04665,0
A04666,0
A04667,0
A04668,0
A04669,0
A04670,0
A04671,0
A04672,0
A04673,0
A04674,0
A04675,0
A04676,0
A04677,0
A04678,0
A04679,0
A04680,0
A04681,0
A04682,0
A04683,0
A04684,0
A04685,0
A04686,0
A04687,0
A04688,0
A04689,0
A04690,0
A04691,0
A04692,0
A04693,0
A04694,0
A04695,0
A04696,0
A04697,1
A04698,0
A04699,0
A04700,0
A04701,0
A04702,0
A04703,0
A04704,1
A04705,0
A04706,0
A04707,0
A04708,0
A04709,0
A04710,0
A04711,0
A04712,1
A04713,0
A04714,0
A04715,0
A04716,0
A04717,0
A04718,0
A04719,0
A04720,0
A04721,0
A04722,0
A04723,0
A04724,0
A04725,0
A04726,0
A04727,0
A04728,0
A04729,0
A04730,0
A04731,0
A04732,0
A04733,0
A04734,0
A04735,0
A04736,0
A04737,0
A04738,0
A04739,0
A04740,0
A04741,0
A04742,0
A04743,0
A04744,0
A04745,0
A04746,0
A04747,0
A04748,0
A04749,0
A04750,0
A04751,0
A04752,0
A04753,0
A04754,0
A04755,0
A04756,0
A04757,0
A04758,0
A04759,0
A04760,0
A04761,0
A04762,1
A04763,0
A04764,0
A04765,0
A04766,0
A04767,0
A04768,0
A04769,0
A04770,0
A04771,1
A04772,0
A04773,0
A04774,0
A04775,0
A04776,0
A04777,0
A04778,0
A04779,0
A04780,0
A04781,0
A04782,0
A04783,0
A04784,0
A04785,0
A04786,0
A04787,0
A04788,0
A04789,0
A04790,0
A04791,0
A04792,0
A04793,0
A04794,0
A04795,0
A04796,0
A04797,0
A04798,0
A04799,0
A04800,0
A04801,0
A04802,0
A04803,0
A04804,0
A04805,0
A04806,0
A04807,0
A04808,0
A04809,0
A04810,0
A04811,0
A04812,0
A04813,0
A04814,0
A04815,1
A04816,1
A04817,0
A04818,0
A04819,0
A04820,0
A04821,0
A04822,0
A04823,0
A04824,0
A04825,0
A04826,0
A04827,0
A04828,0
A04829,0
A04830,0
A04831,0
A04832,0
A04833,0
A04834,0
A04835,0
A04836,0
A04837,0
A04838,0
A04839,0
A04840,0
A04841,0
A04842,0
A04843,0
A04844,0
A04845,0
A04846,0
A04847,0
A04848,0
A04849,0
A04850,0
A04851,0
A04852,0
A04853,0
A04854,0
A04855,0
A04856,0
A04857,0
A04858,0
A04859,0
A04860,0
A04861,1
A04862,0
A04863,1
A04864,0
A04865,0
A04866,0
A04867,0
A04868,0
A04869,0
A04870,0
A04871,0
A04872,0
A04873,0
A04874,0
A04875,0
A04876,0
A04877,0
A04878,0
A04879,0
A04880,0
A04881,0
A04882,0
A04883,0
A04884,0
A04885,0
A04886,0
A04887,0
A04888,0
A04889,0
A04890,0
A04891,1
A04892,0
A04893,0
A04894,0
A04895,0
A04896,0
A04897,1
A04898,0
A04899,0
A04900,0
A04901,1
A04902,0
A04903,0
A04904,0
A04905,1
A04906,0
A04907,0
A04908,0
A04909,0
A04910,0
A04911,0
A04912,0
A04913,0
A04914,0
A04915,0
A04916,0
A04917,0
A04918,0
A04919,0
A04920,0
A04921,0
A04922,0
A04923,0
A04924,1
A04925,0
A04926,0
A04927,0
A04928,0
A04929,0
A04930,0
A04931,0
A04932,0
A04933,0
A04934,0
A04935,0
A04936,1
A04937,0
A04938,0
A04939,0
A04940,0
A04941,0
A04942,1
A04943,1
A04944,0
A04945,0
A04946,0
A04947,0
A04948,0
A04949,0
A04950,0
A04951,0
A04952,1
A04953,0
A04954,0
A04955,0
A04956,0
A04957,0
A04958,0
A04959,0
A04960,0
A04961,0
A04962,0
A04963,0
A04964,0
A04965,0
A04966,0
A04967,0
A04968,0
A04969,0
A04970,0
A04971,0
A04972,0
A04973,0
A04974,0
A04975,0
A04976,0
A04977,0
A04978,0
A04979,0
A04980,0
A04981,0
A04982,0
A04983,0
A04984,0
A04985,0
A04986,0
A04987,0
A04988,0
A04989,0
A04990,0
A04991,0
A04992,0
A04993,0
A04994,0
A04995,0
A04996,0
A04997,0
A04998,0
A04999,0
A05000,0
A05001,0
A05002,0
A05003,0
A05004,0
A05005,1
A05006,0
A05007,0
A05008,0
A05009,0
A05010,0
A05011,0
A05012,0
A05013,0
A05014,1
A05015,0
A05016,0
A05017,0
A05018,0
A05019,0
A05020,0
A05021,0
A05022,0
A05023,0
A05024,0
A05025,0
A05026,0
A05027,0
A05028,0
A05029,0
A05030,0
A05031,0
A05032,0
A05033,0
A05034,0
A05035,0
A05036,0
A05037,0
A05038,0
A05039,0
A05040,0
A05041,0
A05042,0
A05043,1
A05044,0
A05045,0
A05046,0
A05047,0
A05048,0
A05049,1
A05050,0
A05051,0
A05052,0
A05053,0
A05054,0
A05055,0
A05056,0
A05057,0
A05058,0
A05059,1
A05060,0
A05061,0
A05062,0
A05063,0
A05064,0
A05065,0
A05066,0
A05067,0
A05068,0
A05069,0
A05070,0
A05071,0
A05072,0
A05073,0
A05074,0
A05075,0
A05076,0
A05077,0
A05078,0
A05079,0
A05080,0
A05081,1
A05082,0
A05083,0
A05084,0
A05085,0
A05086,0
A05087,0
A05088,0
A05089,0
A05090,0
A05091,0
A05092,0
A05093,0
A05094,0
A05095,0
A05096,0
A05097,0
A05098,0
A05099,0
A05100,0
A05101,0
A05102,0
A05103,0
A05104,0
A05105,0
A05106,0
A05107,0
A05108,0
A05109,0
A05110,0
A05111,0
A05112,0
A05113,0
A05114,0
A05115,0
A05116,1
A05117,0
A05118,0
A05119,1
A05120,0
A05121,0
A05122,0
A05123,0
A05124,0
A05125,0
A05126,0
A05127,0
A05128,0
A05129,0
A05130,0
A05131,0
A05132,0
A05133,0
A05134,0
A05135,0
A05136,0
A05137,0
A05138,1
A05139,0
A05140,1
A05141,0
A05142,0
A05143,0
A05144,0
A05145,0
A05146,0
A05147,0
A05148,0
A05149,1
A05150,0
A05151,0
A05152,0
A05153,0
A05154,0
A05155,0
A05156,0
A05157,0
A05158,0
A05159,0
A05160,0
A05161,0
A05162,0
A05163,0
A05164,0
A05165,0
A05166,0
A05167,0
A05168,0
A05169,0
A05170,0
A05171,0
A05172,1
A05173,0
A05174,0
A05175,0
A05176,0
A05177,0
A05178,0
A05179,0
A05180,0
A05181,0
A05182,0
A05183,0
A05184,0
A05185,0
A05186,0
A05187,0
A05188,0
A05189,0
A05190,1
A05191,0
A05192,0
A05193,0
A05194,0
A05195,0
A05196,0
A05197,0
A05198,0
A05199,0
A05200,1
A05201,0
A05202,0
A05203,0
A05204,0
A05205,0
A05206,0
A05207,0
A05208,0
A05209,0
A05210,0
A05211,0
A05212,0
A05213,0
A05214,0
A05215,0
A05216,0
A05217,0
A05218,0
A05219,0
A05220,0
A05221,0
A05222,0
A05223,0
A05224,0
A05225,0
A05226,0
A05227,0
A05228,1
A05229,0
A05230,1
A05231,0
A05232,0
A05233,0
A05234,0
A05235,0
A05236,0
A05237,1
A05238,1
A05239,1
A05240,0
A05241,0
A05242,0
A05243,0
A05244,0
A05245,0
A05246,0
A05247,0
A05248,0
A05249,0
A05250,0
A05251,0
A05252,0
A05253,0
A05254,1
A05255,0
A05256,0
A05257,0
A05258,0
A05259,0
A05260,0
A05261,0
A05262,0
A05263,0
A05264,0
A05265,1
A05266,0
A05267,0
A05268,1
A05269,0
A05270,1
A05271,0
A05272,0
A05273,0
A05274,0
A05275,0
A05276,0
A05277,0
A05278,0
A05279,0
A05280,0
A05281,1
A05282,0
A05283,1
A05284,0
A05285,0
A05286,0
A05287,0
A05288,0
A05289,1
A05290,0
A05291,0
A05292,0
A05293,1
A05294,0
A05295,0
A05296,0
A05297,0
A05298,0
A05299,0
A05300,0
A05301,0
A05302,0
A05303,0
A05304,0
A05305,0
A05306,0
A05307,0
A05308,0
A05309,0
A05310,0
A05311,0
A05312,0
A05313,0
A05314,0
A05315,0
A05316,0
A05317,0
A05318,0
A05319,0
A05320,0
A05321,0
A05322,0
A05323,0
A05324,0
A05325,0
A05326,0
A05327,0
A05328,0
A05329,0
A05330,0
A05331,0
A05332,0
A05333,0
A05334,0
A05335,0
A05336,0
A05337,0
A05338,0
A05339,0
A05340,0
A05341,0
A05342,0
A05343,0
A05344,0
A05345,0
A05346,0
A05347,0
A05348,0
A05349,0
A05350,0
A05351,0
A05352,0
A05353,0
A05354,0
A05355,0
A05356,0
A05357,0
A05358,0
A05359,0
A05360,0
A05361,0
A05362,0
A05363,0
A05364,0
A05365,0
A05366,1
A05367,0
A05368,0
A05369,0
A05370,0
A05371,0
A05372,0
A05373,0
A05374,0
A05375,0
A05376,0
A05377,0
A05378,0
A05379,0
A05380,0
A05381,0
A05382,0
A05383,0
A05384,0
A05385,0
A05386,0
A05387,0
A05388,0
A05389,0
A05390,0
A05391,0
A05392,1
A05393,0
A05394,0
A05395,0
A05396,0
A05397,0
A05398,0
A05399,0
A05400,0
A05401,0
A05402,0
A05403,0
A05404,0
A05405,0
A05406,0
A05407,0
A05408,0
A05409,0
A05410,1
A05411,0
A05412,0
A05413,0
A05414,0
A05415,0
A05416,0
A05417,0
A05418,0
A05419,0
A05420,0
A05421,0
A05422,0
A05423,0
A05424,0
A05425,0
A05426,0
A05427,0
A05428,0
A05429,0
A05430,0
A05431,1
A05432,0
A05433,1
A05434,0
A05435,0
A05436,0
A05437,0
A05438,0
A05439,0
A05440,0
A05441,0
A05442,0
A05443,0
A05444,0
A05445,0
A05446,0
A05447,0
A05448,0
A05449,0
A05450,0
A05451,0
A05452,0
A05453,0
A05454,0
A05455,0
A05456,0
A05457,0
A05458,1
A05459,1
A05460,0
A05461,0
A05462,0
A05463,0
A05464,0
A05465,1
A05466,0
A05467,0
A05468,0
A05469,0
A05470,1
A05471,0
A05472,0
A05473,0
A05474,0
A05475,0
A05476,1
A05477,0
A05478,0
A05479,0
A05480,0
A05481,0
A05482,0
A05483,0
A05484,0
A05485,0
A05486,1
A05487,0
A05488,0
A05489,0
A05490,0
A05491,0
A05492,0
A05493,0
A05494,0
A05495,1
A05496,0
A05497,0
A05498,0
A05499,0
A05500,1
A05501,0
A05502,0
A05503,0
A05504,0
A05505,0
A05506,0
A05507,0
A05508,0
A05509,0
A05510,0
A05511,1
A05512,0
A05513,0
A05514,0
A05515,1
A05516,0
A05517,0
A05518,0
A05519,0
A05520,0
A05521,0
A05522,0
A05523,0
A05524,1
A05525,0
A05526,0
A05527,0
A05528,0
A05529,0
A05530,0
A05531,0
A05532,0
A05533,0
A05534,0
A05535,0
A05536,0
A05537,0
A05538,0
A05539,0
A05540,0
A05541,0
A05542,0
A05543,0
A05544,0
A05545,0
A05546,0
A05547,1
A05548,0
A05549,0
A05550,0
A05551,0
A05552,0
A05553,0
A05554,0
A05555,0
A05556,0
A05557,0
A05558,0
A05559,0
A05560,0
A05561,0
A05562,0
A05563,0
A05564,1
A05565,0
A05566,0
A05567,0
A05568,0
A05569,0
A05570,1
A05571,0
A05572,1
A05573,0
A05574,0
A05575,0
A05576,0
A05577,0
A05578,0
A05579,0
A05580,0
A05581,0
A05582,0
A05583,0
A05584,0
A05585,0
A05586,0
A05587,0
A05588,0
A05589,0
A05590,0
A05591,0
A05592,0
A05593,0
A05594,0
A05595,0
A05596,0
A05597,0
A05598,0
A05599,0
A05600,0
A05601,0
A05602,0
A05603,0
A05604,0
A05605,0
A05606,0
A05607,0
A05608,0
A05609,0
A05610,0
A05611,0
A05612,0
A05613,0
A05614,0
A05615,0
A05616,0
A05617,0
A05618,0
A05619,0
A05620,0
A05621,0
A05622,0
A05623,0
A05624,0
A05625,0
A05626,0
A05627,0
A05628,0
A05629,0
A05630,0
A05631,0
A05632,0
A05633,0
A05634,0
A05635,0
A05636,0
A05637,0
A05638,0
A05639,0
A05640,0
A05641,0
A05642,0
A05643,0
A05644,0
A05645,0
A05646,0
A05647,0
A05648,0
A05649,0
A05650,0
A05651,0
A05652,0
A05653,0
A05654,0
A05655,0
A05656,0
A05657,0
A05658,0
A05659,0
A05660,0
A05661,0
A05662,0
A05663,1
A05664,0
A05665,0
A05666,0
A05667,0
A05668,0
A05669,0
A05670,1
A05671,0
A05672,0
A05673,0
A05674,0
A05675,0
A05676,0
A05677,0
A05678,0
A05679,0
A05680,0
A05681,0
A05682,0
A05683,0
A05684,0
A05685,0
A05686,0
A05687,0
A05688,0
A05689,0
A05690,0
A05691,0
A05692,0
A05693,0
A05694,0
A05695,0
A05696,0
A05697,0
A05698,0
A05699,0
A05700,0
A05701,0
A05702,0
A05703,1
A05704,0
A05705,0
A05706,0
A05707,0
A05708,0
A05709,0
A05710,0
A05711,0
A05712,0
A05713,0
A05714,0
A05715,0
A05716,0
A05717,0
A05718,0
A05719,0
A05720,0
A05721,0
A05722,0
A05723,0
A05724,0
A05725,0
A05726,1
A05727,0
A05728,0
A05729,0
A05730,0
A05731,0
A05732,0
A05733,0
A05734,0
A05735,0
A05736,0
A05737,0
A05738,0
A05739,0
A05740,0
A05741,0
A05742,0
A05743,0
A05744,0
A05745,0
A05746,0
A05747,0
A05748,0
A05749,0
A05750,0
A05751,0
A05752,0
A05753,0
A05754,0
A05755,0
A05756,0
A05757,0
A05758,0
A05759,0
A05760,0
A05761,0
A05762,0
A05763,0
A05764,0
A05765,0
A05766,0
A05767,0
A05768,0
A05769,0
A05770,0
A05771,0
A05772,0
A05773,0
A05774,0
A05775,0
A05776,0
A05777,0
A05778,0
A05779,0
A05780,0
A05781,0
A05782,0
A05783,0
A05784,0
A05785,0
A05786,0
A05787,0
A05788,0
A05789,0
A05790,0
A05791,0
A05792,0
A05793,0
A05794,0
A05795,0
A05796,0
A05797,0
A05798,0
A05799,0
A05800,0
A05801,0
A05802,0
A05803,0
A05804,0
A05805,0
A05806,0
A05807,0
A05808,0
A05809,0
A05810,0
A05811,0
A05812,0
A05813,0
A05814,0
A05815,0
A05816,0
A05817,0
A05818,0
A05819,0
A05820,0
A05821,0
A05822,0
A05823,0
A05824,0
A05825,0
A05826,0
A05827,0
A05828,0
A05829,0
A05830,0
A05831,0
A05832,0
A05833,0
A05834,0
A05835,0
A05836,0
A05837,0
A05838,0
A05839,0
A05840,0
A05841,0
A05842,0
A05843,0
A05844,0
A05845,0
A05846,0
A05847,0
A05848,0
A05849,0
A05850,0
A05851,0
A05852,0
A05853,0
A05854,0
A05855,0
A05856,0
A05857,0
A05858,0
A05859,0
A05860,0
A05861,0
A05862,0
A05863,0
A05864,0
A05865,0
A05866,0
A05867,0
A05868,0
A05869,0
A05870,0
A05871,0
A05872,0
A05873,0
A05874,0
A05875,0
A05876,0
A05877,0
A05878,0
A05879,0
A05880,0
A05881,0
A05882,0
A05883,0
A05884,0
A05885,0
A05886,0
A05887,0
A05888,0
A05889,0
A05890,0
A05891,0
A05892,0
A05893,0
A05894,0
A05895,0
A05896,0
A05897,0
A05898,0
A05899,0
A05900,0
A05901,0
A05902,0
A05903,0
A05904,0
A05905,0
A05906,0
A05907,0
A05908,0
A05909,0
A05910,0
A05911,0
A05912,0
A05913,0
A05914,0
A05915,0
A05916,0
A05917,0
A05918,0
A05919,0
A05920,0
A05921,0
A05922,0
A05923,0
A05924,0
A05925,0
A05926,0
A05927,0
A05928,0
A05929,0
A05930,0
A05931,1
A05932,0
A05933,0
A05934,0
A05935,1
A05936,0
A05937,0
A05938,0
A05939,0
A05940,0
A05941,0
A05942,0
A05943,0
A05944,0
A05945,0
A05946,0
A05947,0
A05948,0
A05949,0
A05950,0
A05951,0
A05952,0
A05953,0
A05954,0
A05955,1
A05956,0
A05957,0
A05958,0
A05959,0
A05960,0
A05961,0
A05962,0
A05963,0
A05964,0
A05965,0
A05966,0
A05967,0
A05968,0
A05969,0
A05970,0
A05971,0
A05972,0
A05973,0
A05974,0
A05975,0
A05976,0
A05977,0
A05978,0
A05979,0
A05980,0
A05981,0
A05982,0
A05983,0
A05984,0
A05985,0
A05986,0
A05987,1
A05988,0
A05989,0
A05990,0
A05991,0
A05992,0
A05993,0
A05994,0
A05995,0
A05996,0
A05997,0
A05998,0
A05999,0
A06000,0
A06001,0
A06002,0
A06003,0
A06004,0
A06005,0
A06006,0
A06007,0
A06008,0
A06009,0
A06010,0
A06011,0
A06012,0
A06013,0
A06014,0
A06015,0
A06016,0
A06017,0
A06018,0
A06019,0
A06020,0
A06021,0
A06022,0
A06023,0
A06024,0
A06025,0
A06026,0
A06027,0
A06028,0
A06029,0
A06030,0
A06031,0
A06032,0
A06033,0
A06034,0
A06035,0
A06036,0
A06037,0
A06038,0
A06039,0
A06040,0
A06041,0
A06042,0
A06043,0
A06044,0
A06045,0
A06046,0
A06047,0
A06048,0
A06049,0
A06050,0
A06051,0
A06052,0
A06053,0
A06054,0
A06055,0
A06056,0
A06057,1
A06058,0
A06059,0
A06060,0
A06061,0
A06062,0
A06063,0
A06064,0
A06065,0
A06066,0
A06067,0
A06068,0
A06069,0
A06070,0
A06071,0
A06072,0
A06073,0
A06074,0
A06075,0
A06076,0
A06077,0
A06078,0
A06079,0
A06080,0
A06081,0
A06082,0
A06083,0
A06084,0
A06085,0
A06086,0
A06087,0
A06088,0
A06089,0
A06090,0
A06091,0
A06092,0
A06093,0
A06094,0
A06095,0
A06096,0
A06097,0
A06098,0
A06099,0
A06100,1
A06101,0
A06102,0
A06103,0
A06104,0
A06105,0
A06106,0
A06107,0
A06108,0
A06109,0
A06110,0
A06111,0
A06112,0
A06113,0
A06114,0
A06115,0
A06116,0
A06117,0
A06118,0
A06119,0
A06120,0
A06121,0
A06122,0
A06123,0
A06124,0
A06125,0
A06126,0
A06127,0
A06128,0
A06129,0
A06130,0
A06131,0
A06132,0
A06133,0
A06134,0
A06135,0
A06136,0
A06137,0
A06138,0
A06139,0
A06140,0
A06141,0
A06142,0
A06143,0
A06144,0
A06145,0
A06146,0
A06147,0
A06148,0
A06149,0
A06150,0
A06151,0
A06152,0
A06153,0
A06154,0
A06155,0
A06156,0
A06157,0
A06158,0
A06159,0
A06160,0
A06161,0
A06162,0
A06163,0
A06164,0
A06165,0
A06166,0
A06167,0
A06168,0
A06169,0
A06170,0
A06171,0
A06172,0
A06173,0
A06174,0
A06175,0
A06176,0
A06177,0
A06178,0
A06179,0
A06180,0
A06181,0
A06182,0
A06183,0
A06184,0
A06185,0
A06186,0
A06187,0
A06188,0
A06189,0
A06190,0
A06191,0
A06192,0
A06193,0
A06194,0
A06195,0
A06196,0
A06197,0
A06198,0
A06199,0
A06200,0
A06201,0
A06202,0
A06203,0
A06204,0
A06205,0
A06206,0
A06207,0
A06208,0
A06209,0
A06210,0
A06211,0
A06212,0
A06213,1
A06214,0
A06215,0
A06216,0
A06217,0
A06218,0
A06219,0
A06220,0
A06221,0
A06222,0
A06223,0
A06224,0
A06225,0
A06226,0
A06227,0
A06228,0
A06229,0
A06230,0
A06231,0
A06232,0
A06233,0
A06234,0
A06235,0
A06236,0
A06237,0
A06238,0
A06239,0
A06240,0
A06241,0
A06242,0
A06243,0
A06244,0
A06245,0
A06246,0
A06247,0
A06248,0
A06249,0
A06250,0
A06251,0
A06252,0
A06253,0
A06254,0
A06255,0
A06256,0
A06257,0
A06258,0
A06259,0
A06260,0
A06261,0
A06262,0
A06263,0
A06264,0
A06265,0
A06266,0
A06267,0
A06268,0
A06269,0
A06270,0
A06271,0
A06272,0
A06273,0
A06274,0
A06275,0
A06276,0
A06277,0
A06278,0
A06279,0
A06280,0
A06281,0
A06282,0
A06283,0
A06284,0
A06285,0
A06286,0
A06287,0
A06288,0
A06289,0
A06290,0
A06291,0
A06292,0
A06293,0
A06294,0
A06295,0
A06296,0
A06297,0
A06298,0
A06299,0
A06300,0
A06301,0
A06302,0
A06303,0
A06304,0
A06305,0
A06306,0
A06307,0
A06308,0
A06309,0
A06310,0
A06311,0
A06312,0
A06313,0
A06314,0
A06315,0
A06316,0
A06317,0
A06318,0
A06319,0
A06320,0
A06321,0
A06322,0
A06323,0
A06324,0
A06325,0
A06326,0
A06327,0
A06328,0
A06329,0
A06330,0
A06331,0
A06332,0
A06333,0
A06334,0
A06335,0
A06336,0
A06337,0
A06338,0
A06339,0
A06340,0
A06341,0
A06342,0
A06343,0
A06344,0
A06345,0
A06346,0
A06347,0
A06348,0
A06349,0
A06350,0
A06351,0
A06352,0
A06353,0
A06354,0
A06355,0
A06356,0
A06357,0
A06358,0
A06359,0
A06360,0
A06361,0
A06362,0
A06363,0
A06364,0
A06365,0
A06366,0
A06367,0
A06368,0
A06369,0
A06370,1
A06371,0
A06372,0
A06373,0
A06374,0
A06375,0
A06376,0
A06377,0
A06378,0
A06379,0
A06380,0
A06381,0
A06382,0
A06383,0
A06384,0
A06385,0
A06386,0
A06387,0
A06388,0
A06389,1
A06390,0
A06391,0
A06392,0
A06393,0
A06394,0
A06395,0
A06396,0
A06397,1
A06398,0
A06399,0
A06400,1
A06401,0
A06402,0
A06403,0
A06404,1
A06405,0
A06406,1
A06407,0
A06408,0
A06409,0
A06410,0
A06411,0
A06412,0
A06413,0
A06414,0
A06415,0
A06416,0
A06417,0
A06418,0
A06419,0
A06420,0
A06421,0
A06422,0
A06423,1
A06424,0
A06425,0
A06426,0
A06427,0
A06428,0
A06429,0
A06430,0
A06431,1
A06432,0
A06433,0
A06434,0
A06435,0
A06436,0
A06437,0
A06438,0
A06439,0
A06440,0
A06441,0
A06442,0
A06443,0
A06444,0
A06445,0
A06446,0
A06447,0
A06448,0
A06449,0
A06450,0
A06451,0
A06452,0
A06453,0
A06454,0
A06455,0
A06456,0
A06457,0
A06458,0
A06459,0
A06460,0
A06461,0
A06462,0
A06463,0
A06464,0
A06465,0
A06466,0
A06467,0
A06468,0
A06469,0
A06470,0
A06471,0
A06472,0
A06473,0
A06474,0
A06475,0
A06476,0
A06477,0
A06478,0
A06479,0
A06480,0
A06481,1
A06482,0
A06483,0
A06484,0
A06485,0
A06486,0
A06487,0
A06488,0
A06489,0
A06490,0
A06491,0
A06492,0
A06493,1
A06494,0
A06495,0
A06496,0
A06497,0
A06498,0
A06499,0
A06500,0
A06501,0
A06502,0
A06503,0
A06504,0
A06505,0
A06506,0
A06507,0
A06508,0
A06509,0
A06510,0
A06511,0
A06512,0
A06513,0
A06514,0
A06515,0
A06516,0
A06517,0
A06518,0
A06519,0
A06520,0
A06521,0
A06522,0
A06523,0
A06524,0
A06525,0
A06526,1
A06527,0
A06528,0
A06529,0
A06530,0
A06531,1
A06532,0
A06533,0
A06534,0
A06535,0
A06536,1
A06537,0
A06538,0
A06539,0
A06540,0
A06541,0
A06542,0
A06543,0
A06544,0
A06545,1
A06546,0
A06547,0
A06548,0
A06549,0
A06550,0
A06551,1
A06552,0
A06553,0
A06554,0
A06555,0
A06556,0
A06557,0
A06558,0
A06559,0
A06560,0
A06561,0
A06562,0
A06563,0
A06564,0
A06565,0
A06566,0
A06567,0
A06568,0
A06569,0
A06570,0
A06571,0
A06572,0
A06573,0
A06574,0
A06575,0
A06576,1
A06577,0
A06578,0
A06579,0
A06580,0
A06581,0
A06582,0
A06583,0
A06584,0
A06585,0
A06586,0
A06587,0
A06588,0
A06589,0
A06590,1
A06591,0
A06592,0
A06593,0
A06594,0
A06595,0
A06596,0
A06597,0
A06598,0
A06599,0
A06600,0
A06601,0
A06602,0
A06603,0
A06604,0
A06605,1
A06606,0
A06607,0
A06608,0
A06609,0
A06610,1
A06611,0
A06612,0
A06613,0
A06614,0
A06615,0
A06616,0
A06617,0
A06618,0
A06619,0
A06620,0
A06621,0
A06622,0
A06623,1
A06624,0
A06625,0
A06626,0
A06627,1
A06628,0
A06629,0
A06630,0
A06631,1
A06632,0
A06633,0
A06634,0
A06635,0
A06636,0
A06637,1
A06638,0
A06639,0
A06640,0
A06641,0
A06642,0
A06643,0
A06644,0
A06645,0
A06646,0
A06647,0
A06648,0
A06649,1
A06650,1
A06651,0
A06652,0
A06653,0
A06654,0
A06655,0
A06656,0
A06657,0
A06658,0
A06659,0
A06660,0
A06661,0
A06662,0
A06663,1
A06664,0
A06665,0
A06666,1
A06667,0
A06668,0
A06669,0
A06670,0
A06671,1
A06672,0
A06673,0
A06674,0
A06675,0
A06676,1
A06677,1
A06678,0
A06679,0
A06680,0
A06681,0
A06682,0
A06683,0
A06684,0
A06685,0
A06686,0
A06687,1
A06688,0
A06689,0
A06690,1
A06691,0
A06692,0
A06693,0
A06694,0
A06695,1
A06696,0
A06697,0
A06698,0
A06699,1
A06700,1
A06701,0
A06702,0
A06703,0
A06704,0
A06705,0
A06706,0
A06707,0
A06708,0
A06709,0
A06710,0
A06711,0
A06712,0
A06713,1
A06714,0
A06715,0
A06716,0
A06717,0
A06718,0
A06719,0
A06720,0
A06721,1
A06722,0
A06723,0
A06724,0
A06725,1
A06726,1
A06727,0
A06728,0
A06729,0
A06730,0
A06731,0
A06732,0
A06733,0
A06734,1
A06735,0
A06736,1
A06737,0
A06738,0
A06739,0
A06740,0
A06741,0
A06742,0
A06743,1
A06744,0
A06745,0
A06746,0
A06747,0
A06748,0
A06749,0
A06750,0
A06751,0
A06752,0
A06753,0
A06754,0
A06755,1
A06756,0
A06757,0
A06758,0
A06759,0
A06760,0
A06761,1
A06762,0
A06763,0
A06764,0
A06765,0
A06766,1
A06767,0
A06768,0
A06769,0
A06770,0
A06771,0
A06772,0
A06773,0
A06774,1
A06775,0
A06776,0
A06777,0
A06778,0
A06779,1
A06780,0
A06781,0
A06782,1
A06783,0
A06784,0
A06785,0
A06786,1
A06787,0
A06788,0
A06789,0
A06790,0
A06791,0
A06792,0
A06793,0
A06794,0
A06795,0
A06796,0
A06797,0
A06798,0
A06799,0
A06800,0
A06801,0
A06802,0
A06803,0
A06804,1
A06805,0
A06806,0
A06807,0
A06808,0
A06809,0
A06810,0
A06811,0
A06812,0
A06813,0
A06814,0
A06815,0
A06816,0
A06817,0
A06818,1
A06819,0
A06820,1
A06821,0
A06822,0
A06823,0
A06824,0
A06825,0
A06826,0
A06827,0
A06828,0
A06829,0
A06830,0
A06831,0
A06832,0
A06833,0
A06834,0
A06835,0
A06836,1
A06837,0
A06838,0
A06839,0
A06840,0
A06841,0
A06842,0
A06843,0
A06844,0
A06845,0
A06846,0
A06847,0
A06848,0
A06849,0
A06850,0
A06851,0
A06852,0
A06853,0
A06854,0
A06855,0
A06856,0
A06857,0
A06858,0
A06859,0
A06860,1
A06861,1
A06862,0
A06863,0
A06864,0
A06865,0
A06866,0
A06867,0
A06868,1
A06869,1
A06870,0
A06871,0
A06872,0
A06873,0
A06874,0
A06875,0
A06876,0
A06877,0
A06878,0
A06879,0
A06880,0
A06881,0
A06882,0
A06883,0
A06884,0
A06885,1
A06886,0
A06887,0
A06888,0
A06889,0
A06890,0
A06891,0
A06892,0
A06893,0
A06894,1
A06895,0
A06896,0
A06897,0
A06898,1
A06899,0
A06900,1
A06901,0
A06902,0
A06903,0
A06904,0
A06905,1
A06906,0
A06907,0
A06908,0
A06909,0
A06910,0
A06911,1
A06912,1
A06913,0
A06914,0
A06915,0
A06916,0
A06917,1
A06918,0
A06919,0
A06920,0
A06921,0
A06922,0
A06923,1
A06924,0
A06925,1
A06926,0
A06927,0
A06928,0
A06929,0
A06930,0
A06931,0
A06932,1
A06933,0
A06934,0
A06935,0
A06936,0
A06937,0
A06938,1
A06939,0
A06940,0
A06941,0
A06942,0
A06943,0
A06944,0
A06945,0
A06946,0
A06947,0
A06948,0
A06949,0
A06950,0
A06951,0
A06952,0
A06953,0
A06954,0
A06955,1
A06956,0
A06957,0
A06958,0
A06959,0
A06960,0
A06961,0
A06962,1
A06963,0
A06964,0
A06965,0
A06966,0
A06967,0
A06968,0
A06969,0
A06970,1
A06971,0
A06972,0
A06973,0
A06974,0
A06975,1
A06976,0
A06977,0
A06978,0
A06979,0
A06980,0
A06981,1
A06982,0
A06983,0
A06984,1
A06985,0
A06986,0
A06987,0
A06988,0
A06989,0
A06990,0
A06991,1
A06992,0
A06993,0
A06994,0
A06995,0
A06996,0
A06997,0
A06998,1
A06999,0
A07000,0
A07001,0
A07002,0
A07003,0
A07004,1
A07005,0
A07006,0
A07007,0
A07008,0
A07009,0
A07010,0
A07011,0
A07012,0
A07013,0
A07014,0
A07015,0
A07016,0
A07017,0
A07018,0
A07019,0
A07020,0
A07021,0
A07022,0
A07023,0
A07024,0
A07025,0
A07026,0
A07027,0
A07028,1
A07029,0
A07030,0
A07031,0
A07032,0
A07033,0
A07034,0
A07035,0
A07036,1
A07037,0
A07038,0
A07039,0
A07040,0
A07041,0
A07042,1
A07043,0
A07044,0
A07045,1
A07046,0
A07047,0
A07048,0
A07049,0
A07050,0
A07051,0
A07052,0
A07053,0
A07054,0
A07055,0
A07056,0
A07057,0
A07058,0
A07059,0
A07060,0
A07061,0
A07062,0
A07063,1
A07064,0
A07065,0
A07066,0
A07067,0
A07068,0
A07069,0
A07070,1
A07071,0
A07072,0
A07073,0
A07074,0
A07075,0
A07076,0
A07077,0
A07078,0
A07079,0
A07080,0
A07081,0
A07082,0
A07083,0
A07084,0
A07085,0
A07086,0
A07087,0
A07088,0
A07089,0
A07090,0
A07091,0
A07092,1
A07093,1
A07094,0
A07095,0
A07096,1
A07097,0
A07098,0
A07099,0
A07100,1
A07101,1
A07102,0
A07103,0
A07104,0
A07105,0
A07106,0
A07107,0
A07108,0
A07109,0
A07110,0
A07111,0
A07112,0
A07113,0
A07114,0
A07115,0
A07116,0
A07117,0
A07118,1
A07119,0
A07120,0
A07121,0
A07122,1
A07123,0
A07124,0
A07125,0
A07126,0
A07127,0
A07128,0
A07129,0
A07130,0
A07131,0
A07132,0
A07133,0
A07134,0
A07135,0
A07136,0
A07137,0
A07138,0
A07139,0
A07140,0
A07141,0
A07142,0
A07143,1
A07144,0
A07145,0
A07146,0
A07147,0
A07148,0
A07149,0
A07150,0
A07151,0
A07152,0
A07153,0
A07154,0
A07155,0
A07156,0
A07157,0
A07158,0
A07159,0
A07160,0
A07161,1
A07162,0
A07163,1
A07164,0
A07165,0
A07166,0
A07167,0
A07168,1
A07169,0
A07170,0
A07171,0
A07172,0
A07173,0
A07174,0
A07175,0
A07176,0
A07177,0
A07178,0
A07179,0
A07180,0
A07181,0
A07182,0
A07183,0
A07184,0
A07185,0
A07186,0
A07187,0
A07188,0
A07189,0
A07190,0
A07191,0
A07192,0
A07193,0
A07194,0
A07195,0
A07196,1
A07197,0
A07198,0
A07199,0
A07200,0
A07201,0
A07202,0
A07203,0
A07204,0
A07205,1
A07206,1
A07207,0
A07208,0
A07209,0
A07210,0
A07211,0
A07212,1
A07213,0
A07214,0
A07215,0
A07216,0
A07217,0
A07218,1
A07219,0
A07220,0
A07221,0
A07222,0
A07223,0
A07224,1
A07225,0
A07226,0
A07227,0
A07228,0
A07229,0
A07230,0
A07231,0
A07232,0
A07233,0
A07234,0
A07235,0
A07236,1
A07237,0
A07238,0
A07239,0
A07240,0
A07241,0
A07242,0
A07243,1
A07244,0
A07245,0
A07246,0
A07247,0
A07248,0
A07249,0
A07250,0
A07251,0
A07252,0
A07253,1
A07254,0
A07255,1
A07256,1
A07257,0
A07258,1
A07259,0
A07260,0
A07261,0
A07262,0
A07263,0
A07264,0
A07265,0
A07266,0
A07267,0
A07268,0
A07269,0
A07270,1
A07271,0
A07272,0
A07273,0
A07274,0
A07275,1
A07276,0
A07277,0
A07278,0
A07279,0
A07280,0
A07281,1
A07282,0
A07283,0
A07284,1
A07285,1
A07286,0
A07287,0
A07288,0
A07289,0
A07290,0
A07291,1
A07292,0
A07293,1
A07294,1
A07295,0
A07296,0
A07297,0
A07298,0
A07299,0
A07300,0
A07301,1
A07302,0
A07303,0
A07304,1
A07305,0
A07306,0
A07307,1
A07308,0
A07309,0
A07310,0
A07311,0
A07312,0
A07313,0
A07314,0
A07315,0
A07316,0
A07317,0
A07318,0
A07319,0
A07320,0
A07321,0
A07322,0
A07323,0
A07324,1
A07325,0
A07326,0
A07327,0
A07328,0
A07329,0
A07330,0
A07331,0
A07332,0
A07333,0
A07334,0
A07335,0
A07336,0
A07337,0
A07338,0
A07339,0
A07340,0
A07341,0
A07342,0
A07343,1
A07344,0
A07345,0
A07346,0
A07347,0
A07348,0
A07349,0
A07350,0
A07351,0
A07352,0
A07353,0
A07354,0
A07355,0
A07356,0
A07357,0
A07358,0
A07359,0
A07360,0
A07361,0
A07362,0
A07363,0
A07364,0
A07365,0
A07366,1
A07367,0
A07368,0
A07369,0
A07370,0
A07371,1
A07372,0
A07373,0
A07374,0
A07375,0
A07376,0
A07377,0
A07378,0
A07379,0
A07380,0
A07381,1
A07382,0
A07383,0
A07384,0
A07385,0
A07386,0
A07387,0
A07388,0
A07389,0
A07390,0
A07391,0
A07392,0
A07393,0
A07394,0
A07395,0
A07396,0
A07397,0
A07398,0
A07399,0
A07400,0
A07401,0
A07402,0
A07403,0
A07404,0
A07405,0
A07406,0
A07407,0
A07408,0
A07409,0
A07410,0
A07411,0
A07412,0
A07413,0
A07414,0
A07415,0
A07416,0
A07417,0
A07418,0
A07419,0
A07420,0
A07421,0
A07422,0
A07423,1
A07424,0
A07425,0
A07426,0
A07427,0
A07428,1
A07429,1
A07430,0
A07431,0
A07432,1
A07433,0
A07434,0
A07435,1
A07436,0
A07437,0
A07438,0
A07439,0
A07440,0
A07441,0
A07442,0
A07443,0
A07444,0
A07445,0
A07446,0
A07447,0
A07448,0
A07449,0
A07450,0
A07451,0
A07452,0
A07453,0
A07454,0
A07455,0
A07456,0
A07457,0
A07458,0
A07459,0
A07460,0
A07461,0
A07462,0
A07463,0
A07464,0
A07465,0
A07466,0
A07467,1
A07468,0
A07469,0
A07470,0
A07471,0
A07472,0
A07473,1
A07474,0
A07475,0
A07476,0
A07477,0
A07478,0
A07479,0
A07480,0
A07481,0
A07482,0
A07483,0
A07484,0
A07485,0
A07486,0
A07487,0
A07488,0
A07489,0
A07490,0
A07491,0
A07492,0
A07493,0
A07494,0
A07495,0
A07496,1
A07497,0
A07498,1
A07499,0
A07500,0
A07501,1
A07502,0
A07503,0
A07504,0
A07505,0
A07506,0
A07507,0
A07508,0
A07509,0
A07510,0
A07511,0
A07512,0
A07513,0
A07514,0
A07515,0
A07516,0
A07517,0
A07518,1
A07519,0
A07520,0
A07521,0
A07522,0
A07523,0
A07524,0
A07525,0
A07526,0
A07527,0
A07528,0
A07529,0
A07530,0
A07531,0
A07532,0
A07533,0
A07534,0
A07535,0
A07536,0
A07537,0
A07538,0
A07539,0
A07540,0
A07541,0
A07542,0
A07543,0
A07544,0
A07545,0
A07546,0
A07547,0
A07548,0
A07549,0
A07550,0
A07551,0
A07552,0
A07553,0
A07554,1
A07555,0
A07556,0
A07557,0
A07558,0
A07559,0
A07560,0
A07561,0
A07562,1
A07563,1
A07564,0
A07565,0
A07566,0
A07567,0
A07568,0
A07569,0
A07570,0
A07571,0
A07572,0
A07573,0
A07574,0
A07575,0
A07576,0
A07577,0
A07578,0
A07579,0
A07580,0
A07581,0
A07582,0
A07583,0
A07584,0
A07585,0
A07586,0
A07587,0
A07588,0
A07589,0
A07590,0
A07591,0
A07592,0
A07593,0
A07594,0
A07595,0
A07596,0
A07597,0
A07598,0
A07599,0
A07600,1
A07601,0
A07602,0
A07603,0
A07604,0
A07605,0
A07606,0
A07607,1
A07608,0
A07609,1
A07610,0
A07611,0
A07612,0
A07613,0
A07614,0
A07615,0
A07616,0
A07617,0
A07618,0
A07619,0
A07620,0
A07621,0
A07622,0
A07623,0
A07624,0
A07625,0
A07626,1
A07627,0
A07628,0
A07629,0
A07630,0
A07631,0
A07632,0
A07633,0
A07634,0
A07635,0
A07636,0
A07637,0
A07638,0
A07639,0
A07640,0
A07641,0
A07642,0
A07643,0
A07644,0
A07645,0
A07646,0
A07647,0
A07648,1
A07649,0
A07650,0
A07651,0
A07652,0
A07653,0
A07654,0
A07655,0
A07656,1
A07657,1
A07658,0
A07659,0
A07660,0
A07661,1
A07662,0
A07663,0
A07664,1
A07665,0
A07666,1
A07667,0
A07668,0
A07669,0
A07670,0
A07671,0
A07672,0
A07673,0
A07674,0
A07675,0
A07676,0
A07677,0
A07678,0
A07679,0
A07680,0
A07681,0
A07682,0
A07683,0
A07684,0
A07685,0
A07686,0
A07687,0
A07688,1
A07689,0
A07690,0
A07691,0
A07692,0
A07693,0
A07694,0
A07695,0
A07696,0
A07697,0
A07698,0
A07699,0
A07700,0
A07701,0
A07702,1
A07703,0
A07704,0
A07705,0
A07706,0
A07707,0
A07708,0
A07709,0
A07710,1
A07711,0
A07712,0
A07713,0
A07714,1
A07715,0
A07716,0
A07717,0
A07718,1
A07719,0
A07720,0
A07721,0
A07722,1
A07723,0
A07724,0
A07725,0
A07726,0
A07727,0
A07728,0
A07729,0
A07730,0
A07731,0
A07732,1
A07733,0
A07734,0
A07735,0
A07736,0
A07737,0
A07738,0
A07739,0
A07740,0
A07741,0
A07742,0
A07743,0
A07744,1
A07745,0
A07746,0
A07747,1
A07748,0
A07749,0
A07750,0
A07751,0
A07752,0
A07753,0
A07754,0
A07755,0
A07756,0
A07757,0
A07758,0
A07759,0
A07760,0
A07761,0
A07762,0
A07763,0
A07764,0
A07765,1
A07766,1
A07767,0
A07768,0
A07769,0
A07770,0
A07771,1
A07772,0
A07773,0
A07774,0
A07775,0
A07776,0
A07777,0
A07778,0
A07779,0
A07780,0
A07781,0
A07782,0
A07783,0
A07784,1
A07785,0
A07786,0
A07787,0
A07788,0
A07789,0
A07790,0
A07791,0
A07792,0
A07793,0
A07794,0
A07795,0
A07796,0
A07797,0
A07798,0
A07799,0
A07800,0
A07801,0
A07802,0
A07803,0
A07804,0
A07805,0
A07806,0
A07807,0
A07808,0
A07809,0
A07810,1
A07811,0
A07812,0
A07813,0
A07814,1
A07815,0
A07816,0
A07817,0
A07818,0
A07819,0
A07820,0
A07821,0
A07822,1
A07823,0
A07824,0
A07825,0
A07826,0
A07827,0
A07828,0
A07829,0
A07830,0
A07831,0
A07832,0
A07833,0
A07834,0
A07835,0
A07836,1
A07837,0
A07838,1
A07839,0
A07840,0
A07841,1
A07842,0
A07843,0
A07844,0
A07845,1
A07846,0
A07847,0
A07848,0
A07849,0
A07850,0
A07851,0
A07852,0
A07853,0
A07854,0
A07855,0
A07856,0
A07857,0
A07858,0
A07859,0
A07860,1
A07861,0
A07862,0
A07863,0
A07864,0
A07865,0
A07866,0
A07867,0
A07868,0
A07869,0
A07870,1
A07871,1
A07872,0
A07873,1
A07874,0
A07875,0
A07876,0
A07877,0
A07878,0
A07879,0
A07880,0
A07881,0
A07882,0
A07883,0
A07884,0
A07885,0
A07886,0
A07887,0
A07888,1
A07889,0
A07890,0
A07891,0
A07892,0
A07893,0
A07894,0
A07895,0
A07896,1
A07897,0
A07898,1
A07899,0
A07900,0
A07901,1
A07902,0
A07903,1
A07904,1
A07905,0
A07906,0
A07907,0
A07908,0
A07909,0
A07910,0
A07911,0
A07912,0
A07913,0
A07914,0
A07915,0
A07916,0
A07917,0
A07918,0
A07919,0
A07920,0
A07921,0
A07922,0
A07923,0
A07924,1
A07925,0
A07926,0
A07927,1
A07928,0
A07929,0
A07930,1
A07931,0
A07932,0
A07933,0
A07934,0
A07935,0
A07936,0
A07937,0
A07938,0
A07939,0
A07940,0
A07941,0
A07942,0
A07943,0
A07944,0
A07945,0
A07946,0
A07947,1
A07948,0
A07949,0
A07950,1
A07951,0
A07952,0
A07953,0
A07954,0
A07955,0
A07956,0
A07957,1
A07958,0
A07959,0
A07960,0
A07961,0
A07962,0
A07963,0
A07964,0
A07965,0
A07966,0
A07967,0
A07968,0
A07969,1
A07970,0
A07971,0
A07972,0
A07973,0
A07974,0
A07975,0
A07976,0
A07977,0
A07978,0
A07979,0
A07980,0
A07981,0
A07982,1
A07983,0
A07984,1
A07985,0
A07986,0
A07987,0
A07988,0
A07989,0
A07990,0
A07991,0
A07992,0
A07993,0
A07994,0
A07995,0
A07996,0
A07997,0
A07998,0
A07999,0
A08000,0
A08001,0
A08002,0
A08003,1
A08004,0
A08005,0
A08006,0
A08007,0
A08008,0
A08009,0
A08010,0
A08011,0
A08012,1
A08013,1
A08014,0
A08015,0
A08016,0
A08017,0
A08018,1
A08019,0
A08020,0
A08021,0
A08022,0
A08023,1
A08024,0
A08025,1
A08026,0
A08027,0
A08028,0
A08029,0
A08030,0
A08031,0
A08032,0
A08033,0
A08034,0
A08035,0
A08036,0
A08037,0
A08038,1
A08039,0
A08040,0
A08041,0
A08042,0
A08043,0
A08044,0
A08045,0
A08046,0
A08047,1
A08048,0
A08049,0
A08050,0
A08051,0
A08052,0
A08053,1
A08054,0
A08055,0
A08056,0
A08057,0
A08058,0
A08059,0
A08060,0
A08061,0
A08062,0
A08063,1
A08064,1
A08065,1
A08066,0
A08067,1
A08068,0
A08069,0
A08070,0
A08071,0
A08072,0
A08073,0
A08074,0
A08075,0
A08076,0
A08077,0
A08078,0
A08079,0
A08080,0
A08081,0
A08082,0
A08083,1
A08084,0
A08085,1
A08086,0
A08087,0
A08088,0
A08089,0
A08090,0
A08091,0
A08092,0
A08093,0
A08094,0
A08095,0
A08096,0
A08097,0
A08098,0
A08099,0
A08100,0
A08101,0
A08102,0
A08103,0
A08104,0
A08105,0
A08106,0
A08107,0
A08108,0
A08109,0
A08110,0
A08111,0
A08112,0
A08113,1
A08114,0
A08115,0
A08116,0
A08117,0
A08118,0
A08119,0
A08120,0
A08121,0
A08122,0
A08123,0
A08124,0
A08125,0
A08126,0
A08127,0
A08128,0
A08129,1
A08130,0
A08131,0
A08132,1
A08133,0
A08134,0
A08135,0
A08136,0
A08137,0
A08138,0
A08139,0
A08140,0
A08141,0
A08142,0
A08143,0
A08144,0
A08145,0
A08146,0
A08147,0
A08148,0
A08149,0
A08150,0
A08151,0
A08152,0
A08153,0
A08154,1
A08155,0
A08156,1
A08157,0
A08158,0
A08159,0
A08160,0
A08161,0
A08162,0
A08163,0
A08164,0
A08165,0
A08166,0
A08167,0
A08168,0
A08169,0
A08170,0
A08171,0
A08172,0
A08173,0
A08174,0
A08175,0
A08176,0
A08177,0
A08178,0
A08179,0
A08180,0
A08181,0
A08182,0
A08183,0
A08184,0
A08185,0
A08186,0
A08187,0
A08188,0
A08189,0
A08190,0
A08191,0
A08192,0
A08193,1
A08194,0
A08195,1
A08196,0
A08197,0
A08198,0
A08199,0
A08200,0
A08201,0
A08202,0
A08203,0
A08204,0
A08205,0
A08206,0
A08207,0
A08208,0
A08209,0
A08210,0
A08211,0
A08212,0
A08213,0
A08214,0
A08215,0
A08216,0
A08217,0
A08218,0
A08219,0
A08220,0
A08221,0
A08222,0
A08223,0
A08224,0
A08225,0
A08226,0
A08227,1
A08228,0
A08229,0
A08230,0
A08231,0
A08232,0
A08233,0
A08234,0
A08235,0
A08236,1
A08237,0
A08238,0
A08239,0
A08240,0
A08241,0
A08242,1
A08243,0
A08244,0
A08245,0
A08246,0
A08247,0
A08248,1
A08249,0
A08250,0
A08251,0
A08252,0
A08253,0
A08254,0
A08255,0
A08256,0
A08257,0
A08258,0
A08259,0
A08260,0
A08261,0
A08262,0
A08263,0
A08264,0
A08265,0
A08266,0
A08267,0
A08268,0
A08269,0
A08270,0
A08271,0
A08272,0
A08273,0
A08274,0
A08275,0
A08276,0
A08277,0
A08278,0
A08279,1
A08280,0
A08281,0
A08282,0
A08283,1
A08284,0
A08285,0
A08286,0
A08287,0
A08288,0
A08289,0
A08290,1
A08291,0
A08292,0
A08293,0
A08294,0
A08295,0
A08296,1
A08297,0
A08298,0
A08299,0
A08300,0
A08301,0
A08302,0
A08303,0
A08304,1
A08305,1
A08306,0
A08307,1
A08308,0
A08309,0
A08310,0
A08311,0
A08312,0
A08313,0
A08314,0
A08315,0
A08316,0
A08317,0
A08318,0
A08319,0
A08320,0
A08321,0
A08322,0
A08323,0
A08324,0
A08325,0
A08326,0
A08327,0
A08328,1
A08329,0
A08330,0
A08331,0
A08332,0
A08333,0
A08334,0
A08335,0
A08336,0
A08337,0
A08338,0
A08339,0
A08340,0
A08341,0
A08342,0
A08343,0
A08344,0
A08345,0
A08346,0
A08347,0
A08348,0
A08349,0
A08350,0
A08351,0
A08352,0
A08353,1
A08354,0
A08355,0
A08356,0
A08357,0
A08358,0
A08359,0
A08360,0
A08361,0
A08362,0
A08363,0
A08364,0
A08365,0
A08366,0
A08367,0
A08368,0
A08369,0
A08370,0
A08371,1
A08372,0
A08373,0
A08374,0
A08375,0
A08376,0
A08377,0
A08378,0
A08379,0
A08380,0
A08381,0
A08382,0
A08383,0
A08384,0
A08385,0
A08386,0
A08387,0
A08388,0
A08389,0
A08390,0
A08391,0
A08392,1
A08393,0
A08394,0
A08395,0
A08396,0
A08397,0
A08398,0
A08399,0
A08400,0
A08401,0
A08402,0
A08403,0
A08404,0
A08405,1
A08406,0
A08407,0
A08408,0
A08409,0
A08410,0
A08411,0
A08412,0
A08413,0
A08414,1
A08415,0
A08416,0
A08417,0
A08418,0
A08419,0
A08420,0
A08421,0
A08422,1
A08423,0
A08424,0
A08425,0
A08426,0
A08427,0
A08428,0
A08429,0
A08430,0
A08431,0
A08432,0
A08433,0
A08434,0
A08435,0
A08436,1
A08437,0
A08438,0
A08439,0
A08440,0
A08441,0
A08442,0
A08443,0
A08444,0
A08445,0
A08446,0
A08447,0
A08448,0
A08449,0
A08450,0
A08451,1
A08452,0
A08453,0
A08454,0
A08455,0
A08456,0
A08457,0
A08458,0
A08459,0
A08460,0
A08461,0
A08462,0
A08463,0
A08464,0
A08465,0
A08466,1
A08467,0
A08468,0
A08469,0
A08470,0
A08471,0
A08472,0
A08473,0
A08474,0
A08475,0
A08476,0
A08477,0
A08478,0
A08479,0
A08480,0
A08481,0
A08482,0
A08483,0
A08484,0
A08485,0
A08486,1
A08487,0
A08488,0
A08489,0
A08490,0
A08491,0
A08492,0
A08493,0
A08494,0
A08495,1
A08496,0
A08497,0
A08498,0
A08499,0
A08500,1
A08501,0
A08502,0
A08503,0
A08504,0
A08505,0
A08506,0
A08507,0
A08508,0
A08509,0
A08510,0
A08511,0
A08512,0
A08513,0
A08514,1
A08515,0
A08516,0
A08517,0
A08518,0
A08519,0
A08520,0
A08521,0
A08522,0
A08523,1
A08524,0
A08525,0
A08526,0
A08527,0
A08528,0
